prompt_index,original_row_index,position,clean_token_id,clean_votes,runner_up_token_id,runner_up_votes,num_unique_tokens,dpa_stability_radius
0,0,0,5324,500,,0,1,249
0,0,1,609,500,,0,1,249
0,0,2,794,500,,0,1,249
0,0,3,330,500,,0,1,249
0,0,4,36771,417,11789,83,2,166
0,0,5,498,329,27396,88,3,120
0,0,6,330,329,23304,88,3,120
0,0,7,16774,329,85981,88,3,120
0,0,8,794,329,498,88,3,120
0,0,9,5324,329,330,88,3,120
0,0,10,1178,329,16774,88,3,120
0,0,11,794,417,330,83,2,166
0,0,12,330,329,5324,88,3,120
0,0,13,10589,329,1178,88,3,120
0,0,14,48074,329,794,88,3,120
0,0,15,1506,329,330,88,3,120
0,0,16,498,289,10589,88,4,100
0,0,17,330,372,48074,88,3,141
0,0,18,11789,289,1506,88,4,100
0,0,19,794,289,48074,83,5,102
1,1,0,5324,500,,0,1,249
1,1,1,609,500,,0,1,249
1,1,2,794,500,,0,1,249
1,1,3,330,500,,0,1,249
1,1,4,2235,447,884,53,2,196
1,1,5,300,447,12636,53,2,196
1,1,6,12,447,498,53,2,196
1,1,7,479,447,330,53,2,196
1,1,8,2852,447,16774,53,2,196
1,1,9,27396,447,794,53,2,196
1,1,10,11733,447,4482,27,3,209
1,1,11,15138,447,82,53,2,196
1,1,12,498,447,788,53,2,196
1,1,13,330,447,8437,27,3,209
1,1,14,16774,447,579,27,3,209
1,1,15,794,473,669,27,2,222
1,1,16,5324,463,1982,27,3,217
1,1,17,880,446,287,27,4,209
1,1,18,64,446,498,27,4,209
1,1,19,16,446,330,53,3,196
2,2,0,5324,500,,0,1,249
2,2,1,609,500,,0,1,249
2,2,2,794,500,,0,1,249
2,2,3,330,500,,0,1,249
2,2,4,15561,500,,0,1,249
2,2,5,12,500,,0,1,249
2,2,6,60084,500,,0,1,249
2,2,7,27396,500,,0,1,249
2,2,8,23304,500,,0,1,249
2,2,9,56303,500,,0,1,249
2,2,10,12033,500,,0,1,249
2,2,11,498,500,,0,1,249
2,2,12,330,500,,0,1,249
2,2,13,16774,500,,0,1,249
2,2,14,794,500,,0,1,249
2,2,15,5324,461,4482,39,2,210
2,2,16,24649,461,2983,39,2,210
2,2,17,794,461,13,39,2,210
2,2,18,330,461,16482,39,2,210
2,2,19,2983,461,20,39,2,210
3,3,0,5324,500,,0,1,249
3,3,1,609,500,,0,1,249
3,3,2,794,500,,0,1,249
3,3,3,330,500,,0,1,249
3,3,4,36771,500,,0,1,249
3,3,5,27396,500,,0,1,249
3,3,6,23304,500,,0,1,249
3,3,7,85981,500,,0,1,249
3,3,8,498,500,,0,1,249
3,3,9,330,500,,0,1,249
3,3,10,16774,500,,0,1,249
3,3,11,794,500,,0,1,249
3,3,12,5324,447,4482,53,2,196
3,3,13,1178,421,383,52,5,184
3,3,14,794,447,35556,52,3,197
3,3,15,330,422,93546,50,5,185
3,3,16,383,422,100257,50,7,185
3,3,17,35556,422,,50,5,185
3,3,18,9388,418,,50,6,183
3,3,19,92,418,,50,8,183
4,4,0,5324,500,,0,1,249
4,4,1,609,499,16774,1,2,248
4,4,2,794,500,,0,1,249
4,4,3,330,499,4482,1,2,248
4,4,4,1030,499,2636,1,2,248
4,4,5,10979,499,498,1,2,248
4,4,6,20486,499,330,1,2,248
4,4,7,1220,499,1029,1,2,248
4,4,8,15204,499,93546,1,2,248
4,4,9,8894,499,100257,1,2,248
4,4,10,12,499,,1,2,248
4,4,11,14500,499,,1,2,248
4,4,12,28039,499,,1,2,248
4,4,13,498,499,,1,2,248
4,4,14,330,499,,1,2,248
4,4,15,16774,499,,1,2,248
4,4,16,794,499,,1,2,248
4,4,17,4482,499,,1,2,248
4,4,18,2636,499,,1,2,248
4,4,19,498,499,,1,2,248
5,5,0,5324,500,,0,1,249
5,5,1,609,500,,0,1,249
5,5,2,794,500,,0,1,249
5,5,3,330,500,,0,1,249
5,5,4,359,321,15561,179,2,70
5,5,5,1639,321,24851,122,3,99
5,5,6,90160,321,498,179,2,70
5,5,7,12,321,330,179,2,70
5,5,8,15561,321,16774,179,2,70
5,5,9,23304,321,794,179,2,70
5,5,10,33392,321,4482,179,2,70
5,5,11,398,321,359,95,5,112
5,5,12,36663,321,1639,95,5,112
5,5,13,3914,321,90160,95,5,112
5,5,14,498,361,12,95,5,132
5,5,15,330,361,15561,95,5,132
5,5,16,16774,321,23304,95,7,112
5,5,17,794,321,33392,95,8,112
5,5,18,4482,321,398,95,7,112
5,5,19,1272,288,36663,95,8,96
6,6,0,5324,500,,0,1,249
6,6,1,609,500,,0,1,249
6,6,2,794,500,,0,1,249
6,6,3,330,500,,0,1,249
6,6,4,15561,500,,0,1,249
6,6,5,12,500,,0,1,249
6,6,6,60084,500,,0,1,249
6,6,7,24358,500,,0,1,249
6,6,8,23304,500,,0,1,249
6,6,9,56303,500,,0,1,249
6,6,10,12033,500,,0,1,249
6,6,11,498,500,,0,1,249
6,6,12,330,500,,0,1,249
6,6,13,16774,500,,0,1,249
6,6,14,794,500,,0,1,249
6,6,15,5324,500,,0,1,249
6,6,16,24649,498,13495,2,2,247
6,6,17,794,500,,0,1,249
6,6,18,330,498,5324,2,2,247
6,6,19,3971,498,24649,2,2,247
7,7,0,5324,500,,0,1,249
7,7,1,609,500,,0,1,249
7,7,2,794,500,,0,1,249
7,7,3,330,500,,0,1,249
7,7,4,36771,500,,0,1,249
7,7,5,27396,500,,0,1,249
7,7,6,23304,500,,0,1,249
7,7,7,85981,500,,0,1,249
7,7,8,498,500,,0,1,249
7,7,9,330,500,,0,1,249
7,7,10,16774,500,,0,1,249
7,7,11,794,500,,0,1,249
7,7,12,5324,500,,0,1,249
7,7,13,1178,500,,0,1,249
7,7,14,794,500,,0,1,249
7,7,15,330,500,,0,1,249
7,7,16,372,500,,0,1,249
7,7,17,10830,500,,0,1,249
7,7,18,32075,391,9388,109,2,140
7,7,19,100257,364,14316,99,3,132
8,8,0,5324,500,,0,1,249
8,8,1,609,500,,0,1,249
8,8,2,794,500,,0,1,249
8,8,3,330,500,,0,1,249
8,8,4,76,338,15561,162,2,87
8,8,5,4777,338,81839,162,2,87
8,8,6,48974,338,27396,162,2,87
8,8,7,66589,338,23304,162,2,87
8,8,8,70464,338,56303,162,2,87
8,8,9,498,338,12033,162,2,87
8,8,10,330,338,498,162,2,87
8,8,11,16774,338,330,162,2,87
8,8,12,794,338,16774,162,2,87
8,8,13,5324,337,794,162,3,87
8,8,14,9103,337,5324,162,3,87
8,8,15,794,337,24649,162,3,87
8,8,16,330,337,794,162,3,87
8,8,17,70090,337,330,139,3,98
8,8,18,3855,251,1272,138,6,56
8,8,19,679,251,13,162,5,44
9,9,0,5324,500,,0,1,249
9,9,1,609,500,,0,1,249
9,9,2,794,500,,0,1,249
9,9,3,330,500,,0,1,249
9,9,4,15561,500,,0,1,249
9,9,5,1474,500,,0,1,249
9,9,6,4777,500,,0,1,249
9,9,7,27396,500,,0,1,249
9,9,8,23304,500,,0,1,249
9,9,9,11327,500,,0,1,249
9,9,10,70464,497,30043,3,2,246
9,9,11,498,500,,0,1,249
9,9,12,330,500,,0,1,249
9,9,13,16774,500,,0,1,249
9,9,14,794,500,,0,1,249
9,9,15,5324,483,4482,17,2,232
9,9,16,9103,480,78218,17,3,231
9,9,17,794,480,2117,17,3,231
9,9,18,330,480,93546,17,3,231
9,9,19,78218,480,100257,17,3,231
10,10,0,5324,500,,0,1,249
10,10,1,609,500,,0,1,249
10,10,2,794,500,,0,1,249
10,10,3,330,500,,0,1,249
10,10,4,359,500,,0,1,249
10,10,5,1639,500,,0,1,249
10,10,6,90160,500,,0,1,249
10,10,7,12,500,,0,1,249
10,10,8,15561,500,,0,1,249
10,10,9,23304,500,,0,1,249
10,10,10,70464,500,,0,1,249
10,10,11,36663,444,1284,56,2,193
10,10,12,3914,444,811,56,2,193
10,10,13,498,500,,0,1,249
10,10,14,330,500,,0,1,249
10,10,15,16774,500,,0,1,249
10,10,16,794,500,,0,1,249
10,10,17,4482,286,5324,214,2,35
10,10,18,1272,282,2588,215,3,33
10,10,19,13,282,794,215,4,33
11,11,0,5324,500,,0,1,249
11,11,1,609,500,,0,1,249
11,11,2,794,500,,0,1,249
11,11,3,330,500,,0,1,249
11,11,4,76,493,1178,7,2,242
11,11,5,4777,493,90150,4,3,244
11,11,6,27396,496,498,4,2,245
11,11,7,23304,493,330,4,3,244
11,11,8,85981,493,16774,4,3,244
11,11,9,498,493,794,4,3,244
11,11,10,330,493,4482,4,3,244
11,11,11,16774,493,82,4,3,244
11,11,12,794,493,98681,4,3,244
11,11,13,5324,473,4482,20,4,226
11,11,14,1178,473,82,20,5,226
11,11,15,794,473,98681,20,5,226
11,11,16,330,473,93546,20,4,226
11,11,17,82,473,100257,20,4,226
11,11,18,98681,473,,26,3,223
11,11,19,32075,237,9388,235,5,0
12,12,0,5324,500,,0,1,249
12,12,1,609,500,,0,1,249
12,12,2,794,500,,0,1,249
12,12,3,330,500,,0,1,249
12,12,4,27963,500,,0,1,249
12,12,5,41324,500,,0,1,249
12,12,6,27396,500,,0,1,249
12,12,7,7716,312,47432,140,3,85
12,12,8,771,312,5978,115,5,98
12,12,9,498,336,2509,115,4,110
12,12,10,330,336,82,115,4,110
12,12,11,16774,336,498,115,4,110
12,12,12,794,336,330,115,5,110
12,12,13,330,275,16774,115,7,79
12,12,14,85269,205,794,115,10,44
12,12,15,311,124,5324,94,13,14
12,12,16,1781,121,2484,94,19,13
12,12,17,922,121,33922,94,19,13
12,12,18,279,121,794,94,17,13
12,12,19,,113,3132,94,16,9
13,13,0,5324,500,,0,1,249
13,13,1,609,500,,0,1,249
13,13,2,794,500,,0,1,249
13,13,3,330,500,,0,1,249
13,13,4,27963,500,,0,1,249
13,13,5,41324,500,,0,1,249
13,13,6,27396,500,,0,1,249
13,13,7,7716,500,,0,1,249
13,13,8,771,500,,0,1,249
13,13,9,498,500,,0,1,249
13,13,10,330,500,,0,1,249
13,13,11,16774,500,,0,1,249
13,13,12,794,500,,0,1,249
13,13,13,5324,462,4482,38,2,211
13,13,14,61665,462,69154,38,2,211
13,13,15,794,462,6157,38,2,211
13,13,16,330,462,498,35,3,213
13,13,17,26021,403,1110,54,5,174
13,13,18,264,403,53999,54,5,174
13,13,19,16195,403,12625,59,4,171
14,14,0,5324,500,,0,1,249
14,14,1,609,500,,0,1,249
14,14,2,794,500,,0,1,249
14,14,3,330,500,,0,1,249
14,14,4,36771,500,,0,1,249
14,14,5,27396,500,,0,1,249
14,14,6,23304,500,,0,1,249
14,14,7,85981,500,,0,1,249
14,14,8,498,500,,0,1,249
14,14,9,330,500,,0,1,249
14,14,10,16774,500,,0,1,249
14,14,11,794,500,,0,1,249
14,14,12,5324,500,,0,1,249
14,14,13,1178,489,13495,11,2,238
14,14,14,794,500,,0,1,249
14,14,15,330,489,5324,11,2,238
14,14,16,9326,489,1178,11,2,238
14,14,17,525,489,794,11,2,238
14,14,18,32075,408,9388,81,3,163
14,14,19,100257,408,92,79,4,164
15,15,0,5324,500,,0,1,249
15,15,1,609,500,,0,1,249
15,15,2,794,500,,0,1,249
15,15,3,330,500,,0,1,249
15,15,4,359,500,,0,1,249
15,15,5,1639,500,,0,1,249
15,15,6,90160,500,,0,1,249
15,15,7,12,500,,0,1,249
15,15,8,15561,500,,0,1,249
15,15,9,23304,500,,0,1,249
15,15,10,70464,500,,0,1,249
15,15,11,1284,500,,0,1,249
15,15,12,811,500,,0,1,249
15,15,13,498,500,,0,1,249
15,15,14,330,500,,0,1,249
15,15,15,16774,500,,0,1,249
15,15,16,794,500,,0,1,249
15,15,17,4482,500,,0,1,249
15,15,18,1272,288,45,212,2,37
15,15,19,13,288,18826,212,2,37
16,16,0,5324,500,,0,1,249
16,16,1,609,500,,0,1,249
16,16,2,794,500,,0,1,249
16,16,3,330,500,,0,1,249
16,16,4,10590,500,,0,1,249
16,16,5,27396,500,,0,1,249
16,16,6,19082,500,,0,1,249
16,16,7,498,500,,0,1,249
16,16,8,330,500,,0,1,249
16,16,9,16774,500,,0,1,249
16,16,10,794,500,,0,1,249
16,16,11,5324,500,,0,1,249
16,16,12,64,443,22,57,2,192
16,16,13,794,500,,0,1,249
16,16,14,220,500,,0,1,249
16,16,15,22,500,,0,1,249
16,16,16,353,436,11,64,2,185
16,16,17,220,436,330,64,2,185
16,16,18,717,436,1224,38,4,198
16,16,19,11,436,9217,38,4,198
17,17,0,5324,500,,0,1,249
17,17,1,609,500,,0,1,249
17,17,2,794,500,,0,1,249
17,17,3,330,500,,0,1,249
17,17,4,1889,500,,0,1,249
17,17,5,84156,500,,0,1,249
17,17,6,1474,500,,0,1,249
17,17,7,4777,500,,0,1,249
17,17,8,27396,500,,0,1,249
17,17,9,23831,500,,0,1,249
17,17,10,26327,500,,0,1,249
17,17,11,498,500,,0,1,249
17,17,12,330,500,,0,1,249
17,17,13,16774,500,,0,1,249
17,17,14,794,500,,0,1,249
17,17,15,5324,443,4482,57,2,192
17,17,16,1889,443,12958,57,2,192
17,17,17,794,443,498,57,2,192
17,17,18,330,500,,0,1,249
17,17,19,29398,443,2465,52,3,195
18,18,0,5324,500,,0,1,249
18,18,1,609,500,,0,1,249
18,18,2,794,500,,0,1,249
18,18,3,330,500,,0,1,249
18,18,4,7307,500,,0,1,249
18,18,5,38408,500,,0,1,249
18,18,6,81140,500,,0,1,249
18,18,7,261,500,,0,1,249
18,18,8,23304,499,498,1,2,248
18,18,9,42280,499,330,1,2,248
18,18,10,1767,499,16774,1,2,248
18,18,11,498,499,794,1,2,248
18,18,12,330,499,4482,1,2,248
18,18,13,16774,499,85010,1,2,248
18,18,14,794,499,498,1,2,248
18,18,15,5324,474,4482,25,3,224
18,18,16,7307,479,85010,14,4,232
18,18,17,794,474,498,20,3,226
18,18,18,330,494,60218,6,2,243
18,18,19,85010,459,49387,15,7,221
19,19,0,5324,500,,0,1,249
19,19,1,609,500,,0,1,249
19,19,2,794,500,,0,1,249
19,19,3,330,500,,0,1,249
19,19,4,1342,500,,0,1,249
19,19,5,47567,500,,0,1,249
19,19,6,1474,500,,0,1,249
19,19,7,4777,500,,0,1,249
19,19,8,27396,500,,0,1,249
19,19,9,9529,500,,0,1,249
19,19,10,34852,500,,0,1,249
19,19,11,498,500,,0,1,249
19,19,12,330,500,,0,1,249
19,19,13,16774,500,,0,1,249
19,19,14,794,500,,0,1,249
19,19,15,4482,498,5324,2,2,247
19,19,16,1068,500,,0,1,249
19,19,17,93546,430,498,68,3,180
19,19,18,100257,430,330,68,3,180
19,19,19,,430,3261,67,3,181
20,20,0,5324,500,,0,1,249
20,20,1,609,500,,0,1,249
20,20,2,794,500,,0,1,249
20,20,3,330,500,,0,1,249
20,20,4,79,500,,0,1,249
20,20,5,564,500,,0,1,249
20,20,6,17060,500,,0,1,249
20,20,7,4777,500,,0,1,249
20,20,8,92775,500,,0,1,249
20,20,9,2320,500,,0,1,249
20,20,10,13823,500,,0,1,249
20,20,11,39151,500,,0,1,249
20,20,12,61779,500,,0,1,249
20,20,13,498,500,,0,1,249
20,20,14,330,500,,0,1,249
20,20,15,16774,500,,0,1,249
20,20,16,794,500,,0,1,249
20,20,17,5324,500,,0,1,249
20,20,18,4030,500,,0,1,249
20,20,19,794,500,,0,1,249
21,21,0,5324,500,,0,1,249
21,21,1,609,500,,0,1,249
21,21,2,794,500,,0,1,249
21,21,3,330,500,,0,1,249
21,21,4,40860,498,25954,2,2,247
21,21,5,73044,493,49788,5,3,243
21,21,6,92576,330,498,163,4,83
21,21,7,498,335,330,163,3,85
21,21,8,330,335,16774,163,3,85
21,21,9,16774,335,794,163,3,85
21,21,10,794,335,4482,163,4,85
21,21,11,4482,335,4238,163,4,85
21,21,12,4238,335,1377,163,4,85
21,21,13,1377,335,44237,163,4,85
21,21,14,44237,335,498,163,4,85
21,21,15,498,335,330,163,4,85
21,21,16,330,335,48956,136,5,99
21,21,17,48956,234,904,130,7,51
21,21,18,60547,228,2919,136,7,45
21,21,19,466,228,80005,130,7,48
22,22,0,5324,500,,0,1,249
22,22,1,609,500,,0,1,249
22,22,2,794,500,,0,1,249
22,22,3,330,500,,0,1,249
22,22,4,89921,484,10590,16,2,233
22,22,5,27396,484,498,12,4,235
22,22,6,1824,484,330,12,3,235
22,22,7,46541,484,16774,12,3,235
22,22,8,498,484,794,12,3,235
22,22,9,330,484,4482,8,4,237
22,22,10,16774,484,22,8,4,237
22,22,11,794,484,482,8,4,237
22,22,12,5324,484,220,8,4,237
22,22,13,29199,484,17,8,4,237
22,22,14,794,484,220,8,3,237
22,22,15,330,492,17,4,3,243
22,22,16,1209,460,22,24,5,217
22,22,17,18,460,353,20,5,219
22,22,18,353,460,320,20,6,219
22,22,19,11204,267,220,193,7,36
23,23,0,5324,500,,0,1,249
23,23,1,609,500,,0,1,249
23,23,2,794,500,,0,1,249
23,23,3,330,500,,0,1,249
23,23,4,36771,500,,0,1,249
23,23,5,27396,500,,0,1,249
23,23,6,23304,500,,0,1,249
23,23,7,85981,500,,0,1,249
23,23,8,498,500,,0,1,249
23,23,9,330,500,,0,1,249
23,23,10,16774,500,,0,1,249
23,23,11,794,500,,0,1,249
23,23,12,5324,428,4482,72,2,177
23,23,13,1178,428,75,72,2,177
23,23,14,794,428,10318,72,2,177
23,23,15,330,428,788,72,2,177
23,23,16,75,428,93546,71,3,178
23,23,17,10318,428,100257,71,3,178
23,23,18,788,428,,71,3,178
23,23,19,32075,245,9388,161,5,41
24,24,0,5324,500,,0,1,249
24,24,1,609,500,,0,1,249
24,24,2,794,500,,0,1,249
24,24,3,330,500,,0,1,249
24,24,4,36771,500,,0,1,249
24,24,5,1474,500,,0,1,249
24,24,6,4777,500,,0,1,249
24,24,7,27396,500,,0,1,249
24,24,8,23304,500,,0,1,249
24,24,9,85981,500,,0,1,249
24,24,10,498,500,,0,1,249
24,24,11,330,500,,0,1,249
24,24,12,16774,500,,0,1,249
24,24,13,794,500,,0,1,249
24,24,14,5324,500,,0,1,249
24,24,15,1178,470,13495,30,2,219
24,24,16,794,500,,0,1,249
24,24,17,330,470,5324,30,2,219
24,24,18,79,468,1178,30,3,218
24,24,19,11755,468,794,30,3,218
25,25,0,5324,500,,0,1,249
25,25,1,609,500,,0,1,249
25,25,2,794,500,,0,1,249
25,25,3,330,500,,0,1,249
25,25,4,15561,500,,0,1,249
25,25,5,23304,500,,0,1,249
25,25,6,36817,500,,0,1,249
25,25,7,82,500,,0,1,249
25,25,8,498,500,,0,1,249
25,25,9,330,500,,0,1,249
25,25,10,16774,500,,0,1,249
25,25,11,794,500,,0,1,249
25,25,12,5324,500,,0,1,249
25,25,13,2513,500,,0,1,249
25,25,14,794,500,,0,1,249
25,25,15,330,500,,0,1,249
25,25,16,5158,500,,0,1,249
25,25,17,9388,484,32075,16,2,233
25,25,18,92,464,633,20,3,221
25,25,19,100257,484,,16,2,233
26,26,0,5324,500,,0,1,249
26,26,1,609,500,,0,1,249
26,26,2,794,500,,0,1,249
26,26,3,330,500,,0,1,249
26,26,4,1658,500,,0,1,249
26,26,5,15589,500,,0,1,249
26,26,6,24550,500,,0,1,249
26,26,7,27396,470,30531,30,2,219
26,26,8,40779,470,18,30,2,219
26,26,9,23982,470,5392,30,2,219
26,26,10,498,470,728,30,2,219
26,26,11,330,470,498,30,2,219
26,26,12,16774,470,330,30,2,219
26,26,13,794,470,16774,30,2,219
26,26,14,4482,470,794,30,2,219
26,26,15,609,470,4482,30,2,219
26,26,16,498,466,1658,29,4,218
26,26,17,330,470,15589,29,3,220
26,26,18,2984,429,24550,29,6,199
26,26,19,18,429,27396,29,6,199
27,27,0,5324,500,,0,1,249
27,27,1,609,500,,0,1,249
27,27,2,794,500,,0,1,249
27,27,3,330,500,,0,1,249
27,27,4,15561,500,,0,1,249
27,27,5,24851,500,,0,1,249
27,27,6,27396,500,,0,1,249
27,27,7,23304,500,,0,1,249
27,27,8,20944,500,,0,1,249
27,27,9,41790,500,,0,1,249
27,27,10,498,500,,0,1,249
27,27,11,330,500,,0,1,249
27,27,12,16774,500,,0,1,249
27,27,13,794,500,,0,1,249
27,27,14,5324,499,4482,1,2,248
27,27,15,24649,500,,0,1,249
27,27,16,794,500,,0,1,249
27,27,17,330,500,,0,1,249
27,27,18,3174,500,,0,1,249
27,27,19,13,500,,0,1,249
28,28,0,5324,500,,0,1,249
28,28,1,609,500,,0,1,249
28,28,2,794,500,,0,1,249
28,28,3,330,500,,0,1,249
28,28,4,15561,500,,0,1,249
28,28,5,23304,500,,0,1,249
28,28,6,12,325,56845,175,2,74
28,28,7,60084,325,82,175,2,74
28,28,8,498,500,,0,1,249
28,28,9,330,500,,0,1,249
28,28,10,16774,500,,0,1,249
28,28,11,794,500,,0,1,249
28,28,12,5324,500,,0,1,249
28,28,13,24649,325,2513,175,2,74
28,28,14,794,500,,0,1,249
28,28,15,330,393,5324,106,3,143
28,28,16,3174,218,8445,175,5,21
28,28,17,13,219,9388,174,4,22
28,28,18,25890,218,92,174,6,21
28,28,19,16,218,100257,174,8,21
29,29,0,5324,500,,0,1,249
29,29,1,16774,417,609,83,2,166
29,29,2,794,500,,0,1,249
29,29,3,79786,417,330,83,2,166
29,29,4,24649,278,25859,139,3,69
29,29,5,498,278,12033,132,5,72
29,29,6,330,278,498,136,4,70
29,29,7,1272,278,330,136,4,70
29,29,8,13,278,35658,132,4,72
29,29,9,22708,278,498,132,4,72
29,29,10,23,278,330,132,5,72
29,29,11,498,277,3311,130,6,73
29,29,12,330,277,8073,132,5,72
29,29,13,4174,277,4482,132,7,72
29,29,14,8073,277,18103,132,6,72
29,29,15,4482,277,498,132,5,72
29,29,16,26524,277,330,132,7,72
29,29,17,498,277,1712,132,6,72
29,29,18,330,277,498,132,7,72
29,29,19,5728,267,330,132,8,67
30,30,0,5324,500,,0,1,249
30,30,1,609,500,,0,1,249
30,30,2,794,500,,0,1,249
30,30,3,330,500,,0,1,249
30,30,4,76,499,14783,1,2,248
30,30,5,4777,499,498,1,2,248
30,30,6,38428,499,330,1,2,248
30,30,7,27396,499,16774,1,2,248
30,30,8,23304,499,794,1,2,248
30,30,9,56303,499,4482,1,2,248
30,30,10,12033,499,3311,1,2,248
30,30,11,498,499,9499,1,2,248
30,30,12,330,499,304,1,2,248
30,30,13,16774,499,5960,1,2,248
30,30,14,794,499,13175,1,2,248
30,30,15,5324,499,498,1,2,248
30,30,16,24649,499,330,1,2,248
30,30,17,794,499,28156,1,2,248
30,30,18,220,499,433,1,2,248
30,30,19,1806,499,3449,1,2,248
31,31,0,5324,500,,0,1,249
31,31,1,609,500,,0,1,249
31,31,2,794,500,,0,1,249
31,31,3,330,500,,0,1,249
31,31,4,36771,500,,0,1,249
31,31,5,1474,500,,0,1,249
31,31,6,4777,500,,0,1,249
31,31,7,27396,500,,0,1,249
31,31,8,23304,500,,0,1,249
31,31,9,85981,500,,0,1,249
31,31,10,498,500,,0,1,249
31,31,11,330,500,,0,1,249
31,31,12,16774,500,,0,1,249
31,31,13,794,500,,0,1,249
31,31,14,5324,380,4482,120,2,129
31,31,15,1178,374,2153,120,3,126
31,31,16,794,380,307,120,2,129
31,31,17,330,374,3342,120,3,126
31,31,18,307,374,64632,120,3,126
31,31,19,3342,374,2153,120,3,126
32,32,0,5324,500,,0,1,249
32,32,1,609,500,,0,1,249
32,32,2,794,500,,0,1,249
32,32,3,330,500,,0,1,249
32,32,4,16353,500,,0,1,249
32,32,5,15204,500,,0,1,249
32,32,6,8894,500,,0,1,249
32,32,7,1474,500,,0,1,249
32,32,8,4777,500,,0,1,249
32,32,9,12,500,,0,1,249
32,32,10,14500,500,,0,1,249
32,32,11,35810,500,,0,1,249
32,32,12,498,500,,0,1,249
32,32,13,330,500,,0,1,249
32,32,14,16774,500,,0,1,249
32,32,15,794,500,,0,1,249
32,32,16,5324,466,4482,34,2,215
32,32,17,6173,466,16,25,3,220
32,32,18,794,466,11,25,3,220
32,32,19,330,361,220,105,4,127
33,33,0,5324,500,,0,1,249
33,33,1,609,500,,0,1,249
33,33,2,794,500,,0,1,249
33,33,3,330,500,,0,1,249
33,33,4,15561,500,,0,1,249
33,33,5,24851,442,6843,58,2,191
33,33,6,498,442,27396,58,2,191
33,33,7,330,442,23304,47,3,197
33,33,8,16774,442,56303,47,3,197
33,33,9,794,442,70464,47,3,197
33,33,10,5324,357,4482,85,4,135
33,33,11,2588,357,330,47,9,154
33,33,12,794,357,16774,47,10,154
33,33,13,5324,254,330,131,8,61
33,33,14,24649,254,1806,105,10,74
33,33,15,794,254,13,105,10,74
33,33,16,220,254,24472,105,10,74
33,33,17,1806,254,24,105,11,74
33,33,18,13,254,11877,103,11,75
33,33,19,24472,254,45,103,13,75
34,34,0,5324,500,,0,1,249
34,34,1,609,500,,0,1,249
34,34,2,794,500,,0,1,249
34,34,3,330,500,,0,1,249
34,34,4,15561,500,,0,1,249
34,34,5,24851,500,,0,1,249
34,34,6,27396,500,,0,1,249
34,34,7,23304,486,498,14,2,235
34,34,8,41790,410,20944,75,4,167
34,34,9,498,410,41790,75,4,167
34,34,10,330,410,498,76,3,166
34,34,11,16774,410,330,76,4,166
34,34,12,794,410,16774,76,3,166
34,34,13,5324,410,794,89,3,160
34,34,14,24649,410,5324,76,4,166
34,34,15,794,410,24649,76,3,166
34,34,16,330,410,794,76,3,166
34,34,17,1644,410,330,76,3,166
34,34,18,13,410,1644,76,3,166
34,34,19,19956,410,13,76,4,166
35,35,0,5324,500,,0,1,249
35,35,1,609,500,,0,1,249
35,35,2,794,500,,0,1,249
35,35,3,330,500,,0,1,249
35,35,4,93450,497,81327,3,2,246
35,35,5,100051,497,81507,3,2,246
35,35,6,45746,497,498,3,2,246
35,35,7,1474,497,330,3,2,246
35,35,8,5141,497,16774,3,2,246
35,35,9,92525,491,1474,6,3,242
35,35,10,498,491,3713,6,3,242
35,35,11,330,491,498,6,4,242
35,35,12,16774,491,330,6,4,242
35,35,13,794,491,16774,6,5,242
35,35,14,4482,491,794,6,5,242
35,35,15,1049,411,1379,24,10,193
35,35,16,931,411,498,24,10,193
35,35,17,5238,411,330,24,11,193
35,35,18,315,411,40984,43,12,183
35,35,19,2082,411,4229,23,13,193
36,36,0,5324,500,,0,1,249
36,36,1,609,500,,0,1,249
36,36,2,794,500,,0,1,249
36,36,3,330,500,,0,1,249
36,36,4,359,339,15561,155,3,91
36,36,5,1639,339,18057,87,5,125
36,36,6,90160,339,5507,109,5,114
36,36,7,12,339,498,109,5,114
36,36,8,15561,339,330,109,5,114
36,36,9,23304,339,16774,109,5,114
36,36,10,70464,339,794,109,5,114
36,36,11,36663,339,4482,109,5,114
36,36,12,3914,339,77,109,5,114
36,36,13,498,339,18826,109,5,114
36,36,14,330,339,46254,91,8,123
36,36,15,16774,339,3258,91,9,123
36,36,16,794,348,12,91,9,128
36,36,17,4482,339,588,67,9,135
36,36,18,45,214,2588,135,12,39
36,36,19,18826,214,794,135,11,39
37,37,0,5324,500,,0,1,249
37,37,1,609,500,,0,1,249
37,37,2,794,500,,0,1,249
37,37,3,330,500,,0,1,249
37,37,4,564,500,,0,1,249
37,37,5,87,500,,0,1,249
37,37,6,27396,500,,0,1,249
37,37,7,23304,500,,0,1,249
37,37,8,9217,500,,0,1,249
37,37,9,498,500,,0,1,249
37,37,10,330,500,,0,1,249
37,37,11,16774,500,,0,1,249
37,37,12,794,500,,0,1,249
37,37,13,5324,500,,0,1,249
37,37,14,67468,500,,0,1,249
37,37,15,794,500,,0,1,249
37,37,16,330,500,,0,1,249
37,37,17,7780,500,,0,1,249
37,37,18,14,500,,0,1,249
37,37,19,27847,500,,0,1,249
38,38,0,5324,500,,0,1,249
38,38,1,609,500,,0,1,249
38,38,2,794,500,,0,1,249
38,38,3,330,500,,0,1,249
38,38,4,36771,500,,0,1,249
38,38,5,27396,500,,0,1,249
38,38,6,23304,500,,0,1,249
38,38,7,85981,500,,0,1,249
38,38,8,498,500,,0,1,249
38,38,9,330,500,,0,1,249
38,38,10,16774,500,,0,1,249
38,38,11,794,500,,0,1,249
38,38,12,4482,493,5324,7,2,242
38,38,13,1,491,1178,7,3,241
38,38,14,677,397,1178,96,3,150
38,38,15,52689,397,794,96,3,150
38,38,16,349,397,330,94,4,151
38,38,17,1,395,677,94,5,150
38,38,18,1365,196,663,132,6,31
38,38,19,92,328,349,94,7,116
39,39,0,5324,500,,0,1,249
39,39,1,609,500,,0,1,249
39,39,2,794,500,,0,1,249
39,39,3,330,500,,0,1,249
39,39,4,76087,404,4816,96,2,153
39,39,5,56536,404,5922,87,3,158
39,39,6,41324,404,31052,87,3,158
39,39,7,498,499,5507,1,2,248
39,39,8,330,499,498,1,2,248
39,39,9,16774,499,330,1,2,248
39,39,10,794,499,16774,1,2,248
39,39,11,4482,499,794,1,2,248
39,39,12,90,370,9137,117,7,126
39,39,13,2153,306,92631,95,11,105
39,39,14,9137,306,16983,94,12,105
39,39,15,69447,306,498,118,9,93
39,39,16,6213,306,330,117,9,94
39,39,17,11955,306,5143,117,8,94
39,39,18,18973,302,23,63,12,119
39,39,19,2153,306,11,63,12,121
40,40,0,5324,500,,0,1,249
40,40,1,609,500,,0,1,249
40,40,2,794,500,,0,1,249
40,40,3,330,500,,0,1,249
40,40,4,2590,500,,0,1,249
40,40,5,64733,500,,0,1,249
40,40,6,12,500,,0,1,249
40,40,7,17447,500,,0,1,249
40,40,8,27396,500,,0,1,249
40,40,9,23304,500,,0,1,249
40,40,10,56303,500,,0,1,249
40,40,11,12033,500,,0,1,249
40,40,12,498,500,,0,1,249
40,40,13,330,500,,0,1,249
40,40,14,16774,500,,0,1,249
40,40,15,794,500,,0,1,249
40,40,16,5324,492,4482,8,2,241
40,40,17,24649,492,18,8,2,241
40,40,18,794,492,13,8,2,241
40,40,19,330,492,27309,8,2,241
41,41,0,5324,500,,0,1,249
41,41,1,609,500,,0,1,249
41,41,2,794,500,,0,1,249
41,41,3,330,500,,0,1,249
41,41,4,1712,500,,0,1,249
41,41,5,27396,500,,0,1,249
41,41,6,84318,403,29906,97,2,152
41,41,7,1489,403,481,97,2,152
41,41,8,498,403,1489,97,2,152
41,41,9,330,403,498,97,2,152
41,41,10,16774,403,330,97,2,152
41,41,11,794,403,16774,97,2,152
41,41,12,5324,397,794,97,3,149
41,41,13,13333,397,5324,93,4,151
41,41,14,794,397,13333,93,4,151
41,41,15,220,397,794,93,4,151
41,41,16,8953,397,220,93,4,151
41,41,17,20785,397,8953,93,4,151
41,41,18,14185,397,20785,93,4,151
41,41,19,22,397,14185,93,4,151
42,42,0,5324,500,,0,1,249
42,42,1,609,500,,0,1,249
42,42,2,794,500,,0,1,249
42,42,3,330,500,,0,1,249
42,42,4,7307,500,,0,1,249
42,42,5,38408,500,,0,1,249
42,42,6,81140,500,,0,1,249
42,42,7,261,500,,0,1,249
42,42,8,23304,500,,0,1,249
42,42,9,28192,497,42280,3,2,246
42,42,10,283,497,1767,3,2,246
42,42,11,66,497,498,3,2,246
42,42,12,3808,497,330,3,2,246
42,42,13,498,493,9388,4,3,244
42,42,14,330,493,100257,4,3,244
42,42,15,16774,493,,4,3,244
42,42,16,794,493,,4,3,244
42,42,17,5324,475,4482,18,4,228
42,42,18,276,475,19911,18,4,228
42,42,19,941,475,33585,18,5,228
43,43,0,5324,500,,0,1,249
43,43,1,609,500,,0,1,249
43,43,2,794,500,,0,1,249
43,43,3,330,500,,0,1,249
43,43,4,4030,500,,0,1,249
43,43,5,12,500,,0,1,249
43,43,6,15561,500,,0,1,249
43,43,7,23304,500,,0,1,249
43,43,8,70464,500,,0,1,249
43,43,9,498,500,,0,1,249
43,43,10,330,500,,0,1,249
43,43,11,16774,500,,0,1,249
43,43,12,794,500,,0,1,249
43,43,13,5324,482,4482,18,2,231
43,43,14,4030,482,53954,18,2,231
43,43,15,1292,482,16417,18,2,231
43,43,16,794,482,93546,16,3,232
43,43,17,330,484,100257,16,2,233
43,43,18,53954,482,,16,3,232
43,43,19,16417,482,,16,3,232
44,44,0,5324,500,,0,1,249
44,44,1,609,500,,0,1,249
44,44,2,794,500,,0,1,249
44,44,3,330,500,,0,1,249
44,44,4,76,500,,0,1,249
44,44,5,4777,500,,0,1,249
44,44,6,27396,500,,0,1,249
44,44,7,90476,500,,0,1,249
44,44,8,46920,500,,0,1,249
44,44,9,498,500,,0,1,249
44,44,10,330,500,,0,1,249
44,44,11,16774,500,,0,1,249
44,44,12,794,500,,0,1,249
44,44,13,5324,500,,0,1,249
44,44,14,4949,500,,0,1,249
44,44,15,5617,500,,0,1,249
44,44,16,794,500,,0,1,249
44,44,17,330,500,,0,1,249
44,44,18,23812,500,,0,1,249
44,44,19,4513,500,,0,1,249
45,45,0,5324,500,,0,1,249
45,45,1,609,500,,0,1,249
45,45,2,794,500,,0,1,249
45,45,3,330,500,,0,1,249
45,45,4,2645,234,496,210,3,11
45,45,5,90467,444,41324,56,2,193
45,45,6,69917,339,9728,105,3,116
45,45,7,9293,339,2235,105,3,116
45,45,8,5507,339,13782,105,3,116
45,45,9,498,500,,0,1,249
45,45,10,330,500,,0,1,249
45,45,11,16774,500,,0,1,249
45,45,12,794,500,,0,1,249
45,45,13,4482,465,5324,35,2,214
45,45,14,90,256,496,216,4,19
45,45,15,2153,254,90467,216,5,18
45,45,16,26199,254,69917,165,8,44
45,45,17,11955,255,9293,164,8,45
45,45,18,510,246,498,164,10,40
45,45,19,2153,247,330,164,11,41
46,46,0,5324,500,,0,1,249
46,46,1,609,500,,0,1,249
46,46,2,794,500,,0,1,249
46,46,3,330,500,,0,1,249
46,46,4,27963,500,,0,1,249
46,46,5,41324,500,,0,1,249
46,46,6,27396,500,,0,1,249
46,46,7,7716,500,,0,1,249
46,46,8,771,500,,0,1,249
46,46,9,498,500,,0,1,249
46,46,10,330,500,,0,1,249
46,46,11,16774,500,,0,1,249
46,46,12,794,500,,0,1,249
46,46,13,5324,500,,0,1,249
46,46,14,61665,497,9710,3,2,246
46,46,15,794,497,3795,3,2,246
46,46,16,330,497,12212,3,2,246
46,46,17,21103,497,37157,3,2,246
46,46,18,287,464,264,33,3,215
46,46,19,264,464,86329,33,3,215
47,47,0,5324,500,,0,1,249
47,47,1,609,500,,0,1,249
47,47,2,794,500,,0,1,249
47,47,3,330,500,,0,1,249
47,47,4,89921,500,,0,1,249
47,47,5,33885,500,,0,1,249
47,47,6,498,500,,0,1,249
47,47,7,330,500,,0,1,249
47,47,8,16774,500,,0,1,249
47,47,9,794,500,,0,1,249
47,47,10,5324,500,,0,1,249
47,47,11,64,500,,0,1,249
47,47,12,794,500,,0,1,249
47,47,13,220,500,,0,1,249
47,47,14,868,500,,0,1,249
47,47,15,11,500,,0,1,249
47,47,16,330,500,,0,1,249
47,47,17,65,500,,0,1,249
47,47,18,794,500,,0,1,249
47,47,19,220,500,,0,1,249
48,48,0,5324,500,,0,1,249
48,48,1,609,500,,0,1,249
48,48,2,794,500,,0,1,249
48,48,3,330,500,,0,1,249
48,48,4,6827,179,695,139,5,19
48,48,5,12172,281,41324,122,5,79
48,48,6,5507,178,27396,122,6,27
48,48,7,498,320,7716,122,6,98
48,48,8,330,320,771,122,5,98
48,48,9,16774,320,498,170,4,74
48,48,10,794,320,330,170,4,74
48,48,11,4482,320,16774,170,4,74
48,48,12,794,170,17801,163,7,3
48,48,13,18475,163,5324,122,10,20
48,48,14,498,176,61665,121,13,27
48,48,15,330,176,794,122,10,26
48,48,16,36844,161,330,129,9,15
48,48,17,278,161,21103,121,13,19
48,48,18,8441,161,287,121,13,19
48,48,19,498,161,264,121,14,19
49,49,0,5324,500,,0,1,249
49,49,1,609,500,,0,1,249
49,49,2,794,500,,0,1,249
49,49,3,330,500,,0,1,249
49,49,4,359,500,,0,1,249
49,49,5,1639,500,,0,1,249
49,49,6,90160,500,,0,1,249
49,49,7,12,500,,0,1,249
49,49,8,15561,500,,0,1,249
49,49,9,23304,500,,0,1,249
49,49,10,70464,500,,0,1,249
49,49,11,36663,451,36817,48,3,201
49,49,12,3914,451,82,48,3,201
49,49,13,498,500,,0,1,249
49,49,14,330,500,,0,1,249
49,49,15,16774,500,,0,1,249
49,49,16,794,500,,0,1,249
49,49,17,4482,272,5324,228,2,21
49,49,18,1272,269,2588,229,3,19
49,49,19,13,269,794,229,3,19
50,50,0,5324,500,,0,1,249
50,50,1,609,500,,0,1,249
50,50,2,794,500,,0,1,249
50,50,3,330,500,,0,1,249
50,50,4,79,500,,0,1,249
50,50,5,564,500,,0,1,249
50,50,6,17060,500,,0,1,249
50,50,7,4777,500,,0,1,249
50,50,8,92775,472,2320,28,2,221
50,50,9,2320,472,13823,28,2,221
50,50,10,13823,472,66589,28,2,221
50,50,11,14656,414,39151,49,3,182
50,50,12,10827,414,61779,49,3,182
50,50,13,498,463,16774,37,2,212
50,50,14,330,463,794,37,2,212
50,50,15,16774,463,5324,37,2,212
50,50,16,794,463,1663,32,4,215
50,50,17,5324,463,794,37,2,212
50,50,18,1337,414,4030,49,4,182
50,50,19,794,463,64,28,5,217
51,51,0,5324,500,,0,1,249
51,51,1,609,500,,0,1,249
51,51,2,794,500,,0,1,249
51,51,3,330,500,,0,1,249
51,51,4,14783,236,55442,132,5,51
51,51,5,28508,236,12669,132,5,51
51,51,6,498,160,12,132,9,13
51,51,7,330,160,404,132,6,13
51,51,8,16774,160,14746,132,7,13
51,51,9,794,160,367,132,7,13
51,51,10,5324,159,2269,132,8,13
51,51,11,5641,159,5863,131,9,13
51,51,12,794,263,498,132,8,65
51,51,13,330,291,794,99,8,95
51,51,14,1987,159,16774,132,10,13
51,51,15,794,220,13,159,9,30
51,51,16,1774,159,5324,132,8,13
51,51,17,498,159,5641,132,9,13
51,51,18,330,159,794,132,9,13
51,51,19,330,213,12490,159,8,26
52,52,0,5324,500,,0,1,249
52,52,1,609,500,,0,1,249
52,52,2,794,500,,0,1,249
52,52,3,330,500,,0,1,249
52,52,4,10590,500,,0,1,249
52,52,5,27396,500,,0,1,249
52,52,6,19082,500,,0,1,249
52,52,7,498,500,,0,1,249
52,52,8,330,500,,0,1,249
52,52,9,16774,500,,0,1,249
52,52,10,794,500,,0,1,249
52,52,11,5324,496,4482,4,2,245
52,52,12,64,496,717,4,2,245
52,52,13,794,496,11,2,3,246
52,52,14,220,498,330,2,2,247
52,52,15,717,496,22,4,2,245
52,52,16,11,496,498,4,2,245
52,52,17,330,500,,0,1,249
52,52,18,65,496,19,4,2,245
52,52,19,794,496,93546,4,2,245
53,53,0,5324,500,,0,1,249
53,53,1,609,500,,0,1,249
53,53,2,794,500,,0,1,249
53,53,3,330,500,,0,1,249
53,53,4,76,500,,0,1,249
53,53,5,4777,500,,0,1,249
53,53,6,73029,500,,0,1,249
53,53,7,27396,500,,0,1,249
53,53,8,23304,500,,0,1,249
53,53,9,85981,500,,0,1,249
53,53,10,498,500,,0,1,249
53,53,11,330,500,,0,1,249
53,53,12,16774,500,,0,1,249
53,53,13,794,500,,0,1,249
53,53,14,5324,500,,0,1,249
53,53,15,1178,423,13495,77,2,172
53,53,16,794,500,,0,1,249
53,53,17,330,423,5324,77,2,172
53,53,18,83,423,1178,77,2,172
53,53,19,371,423,794,77,2,172
54,54,0,5324,500,,0,1,249
54,54,1,609,500,,0,1,249
54,54,2,794,500,,0,1,249
54,54,3,330,500,,0,1,249
54,54,4,36771,500,,0,1,249
54,54,5,24358,500,,0,1,249
54,54,6,23304,500,,0,1,249
54,54,7,85981,500,,0,1,249
54,54,8,498,500,,0,1,249
54,54,9,330,500,,0,1,249
54,54,10,16774,500,,0,1,249
54,54,11,794,500,,0,1,249
54,54,12,5324,500,,0,1,249
54,54,13,1178,480,13495,20,2,229
54,54,14,794,500,,0,1,249
54,54,15,330,480,5324,20,2,229
54,54,16,372,480,1178,20,2,229
54,54,17,10830,480,794,20,2,229
54,54,18,9388,480,330,20,2,229
54,54,19,92,477,372,20,3,228
55,55,0,5324,500,,0,1,249
55,55,1,609,500,,0,1,249
55,55,2,794,500,,0,1,249
55,55,3,330,500,,0,1,249
55,55,4,15561,500,,0,1,249
55,55,5,1474,500,,0,1,249
55,55,6,4777,500,,0,1,249
55,55,7,27396,500,,0,1,249
55,55,8,23304,500,,0,1,249
55,55,9,36817,500,,0,1,249
55,55,10,82,500,,0,1,249
55,55,11,498,500,,0,1,249
55,55,12,330,500,,0,1,249
55,55,13,16774,500,,0,1,249
55,55,14,794,500,,0,1,249
55,55,15,5324,500,,0,1,249
55,55,16,2513,500,,0,1,249
55,55,17,794,500,,0,1,249
55,55,18,330,500,,0,1,249
55,55,19,8445,500,,0,1,249
56,56,0,5324,500,,0,1,249
56,56,1,609,500,,0,1,249
56,56,2,794,500,,0,1,249
56,56,3,330,500,,0,1,249
56,56,4,906,500,,0,1,249
56,56,5,589,500,,0,1,249
56,56,6,618,500,,0,1,249
56,56,7,23304,500,,0,1,249
56,56,8,56303,500,,0,1,249
56,56,9,12033,500,,0,1,249
56,56,10,498,500,,0,1,249
56,56,11,330,500,,0,1,249
56,56,12,16774,500,,0,1,249
56,56,13,794,500,,0,1,249
56,56,14,5324,493,4482,7,2,242
56,56,15,24649,493,1272,7,2,242
56,56,16,794,493,13,7,2,242
56,56,17,330,466,220,27,3,219
56,56,18,1272,493,23,7,2,242
56,56,19,13,493,11877,7,2,242
57,57,0,5324,500,,0,1,249
57,57,1,609,500,,0,1,249
57,57,2,794,500,,0,1,249
57,57,3,330,500,,0,1,249
57,57,4,1712,500,,0,1,249
57,57,5,1474,500,,0,1,249
57,57,6,4777,500,,0,1,249
57,57,7,27396,500,,0,1,249
57,57,8,12,500,,0,1,249
57,57,9,14500,500,,0,1,249
57,57,10,3084,500,,0,1,249
57,57,11,498,500,,0,1,249
57,57,12,330,500,,0,1,249
57,57,13,16774,500,,0,1,249
57,57,14,794,500,,0,1,249
57,57,15,5324,373,4482,127,2,122
57,57,16,1712,349,2366,127,3,110
57,57,17,794,349,18,127,3,110
57,57,18,330,349,12,127,3,110
57,57,19,2366,349,2839,127,3,110
58,58,0,5324,500,,0,1,249
58,58,1,609,500,,0,1,249
58,58,2,794,500,,0,1,249
58,58,3,330,500,,0,1,249
58,58,4,27963,497,35890,3,2,246
58,58,5,41324,497,51817,3,2,246
58,58,6,27396,497,21937,3,2,246
58,58,7,7716,497,64036,3,2,246
58,58,8,771,497,498,3,2,246
58,58,9,498,497,330,3,2,246
58,58,10,330,497,16774,3,2,246
58,58,11,16774,497,794,3,2,246
58,58,12,794,497,4482,3,2,246
58,58,13,4482,287,5324,210,3,38
58,58,14,6263,251,61665,210,4,20
58,58,15,21937,251,794,210,4,20
58,58,16,10622,251,330,210,4,20
58,58,17,23613,251,791,210,5,20
58,58,18,16445,213,15592,210,6,1
58,58,19,57545,213,2011,210,6,1
59,59,0,5324,500,,0,1,249
59,59,1,609,500,,0,1,249
59,59,2,794,500,,0,1,249
59,59,3,330,500,,0,1,249
59,59,4,36771,500,,0,1,249
59,59,5,24358,500,,0,1,249
59,59,6,23304,500,,0,1,249
59,59,7,85981,500,,0,1,249
59,59,8,498,500,,0,1,249
59,59,9,330,500,,0,1,249
59,59,10,16774,500,,0,1,249
59,59,11,794,500,,0,1,249
59,59,12,5324,500,,0,1,249
59,59,13,1178,447,13495,53,2,196
59,59,14,794,500,,0,1,249
59,59,15,330,447,5324,53,2,196
59,59,16,1658,447,1178,53,2,196
59,59,17,21596,447,794,53,2,196
59,59,18,498,447,330,53,2,196
59,59,19,330,447,1658,53,2,196
60,60,0,5324,500,,0,1,249
60,60,1,609,500,,0,1,249
60,60,2,794,500,,0,1,249
60,60,3,330,500,,0,1,249
60,60,4,27963,500,,0,1,249
60,60,5,41324,500,,0,1,249
60,60,6,27396,500,,0,1,249
60,60,7,7716,500,,0,1,249
60,60,8,771,500,,0,1,249
60,60,9,498,500,,0,1,249
60,60,10,330,500,,0,1,249
60,60,11,16774,500,,0,1,249
60,60,12,794,500,,0,1,249
60,60,13,5324,466,4482,34,2,215
60,60,14,61665,466,3,34,2,215
60,60,15,794,466,17,34,2,215
60,60,16,330,466,3855,20,3,222
60,60,17,791,466,6726,20,3,222
60,60,18,19533,466,22,20,3,222
60,60,19,1288,466,44,20,3,222
61,61,0,5324,500,,0,1,249
61,61,1,609,500,,0,1,249
61,61,2,794,500,,0,1,249
61,61,3,330,500,,0,1,249
61,61,4,359,500,,0,1,249
61,61,5,1639,500,,0,1,249
61,61,6,90160,500,,0,1,249
61,61,7,12,500,,0,1,249
61,61,8,15561,500,,0,1,249
61,61,9,23304,500,,0,1,249
61,61,10,33392,500,,0,1,249
61,61,11,398,500,,0,1,249
61,61,12,36663,500,,0,1,249
61,61,13,3914,500,,0,1,249
61,61,14,498,500,,0,1,249
61,61,15,330,500,,0,1,249
61,61,16,16774,500,,0,1,249
61,61,17,794,500,,0,1,249
61,61,18,4482,500,,0,1,249
61,61,19,1272,487,2588,13,2,236
62,62,0,5324,500,,0,1,249
62,62,1,609,500,,0,1,249
62,62,2,794,500,,0,1,249
62,62,3,330,500,,0,1,249
62,62,4,15280,500,,0,1,249
62,62,5,11843,500,,0,1,249
62,62,6,16210,500,,0,1,249
62,62,7,27396,500,,0,1,249
62,62,8,23304,500,,0,1,249
62,62,9,85981,500,,0,1,249
62,62,10,498,500,,0,1,249
62,62,11,330,500,,0,1,249
62,62,12,16774,500,,0,1,249
62,62,13,794,500,,0,1,249
62,62,14,5324,311,4482,188,3,61
62,62,15,1178,310,805,188,4,60
62,62,16,794,311,408,188,3,61
62,62,17,330,310,575,188,4,60
62,62,18,805,310,488,188,4,60
62,62,19,408,310,93546,188,4,60
63,63,0,5324,500,,0,1,249
63,63,1,609,500,,0,1,249
63,63,2,794,500,,0,1,249
63,63,3,330,500,,0,1,249
63,63,4,6843,500,,0,1,249
63,63,5,12,500,,0,1,249
63,63,6,15561,500,,0,1,249
63,63,7,1474,500,,0,1,249
63,63,8,4777,500,,0,1,249
63,63,9,23304,500,,0,1,249
63,63,10,56303,500,,0,1,249
63,63,11,12033,500,,0,1,249
63,63,12,498,500,,0,1,249
63,63,13,330,500,,0,1,249
63,63,14,16774,500,,0,1,249
63,63,15,794,500,,0,1,249
63,63,16,5324,495,4482,5,2,244
63,63,17,24649,495,1806,5,2,244
63,63,18,794,495,13,5,2,244
63,63,19,330,495,24472,5,2,244
64,64,0,5324,500,,0,1,249
64,64,1,609,500,,0,1,249
64,64,2,794,500,,0,1,249
64,64,3,330,500,,0,1,249
64,64,4,1030,500,,0,1,249
64,64,5,10979,500,,0,1,249
64,64,6,20486,500,,0,1,249
64,64,7,1220,500,,0,1,249
64,64,8,15204,500,,0,1,249
64,64,9,8894,500,,0,1,249
64,64,10,12,270,498,230,2,19
64,64,11,14500,270,330,230,2,19
64,64,12,28039,270,16774,230,2,19
64,64,13,498,270,794,230,2,19
64,64,14,330,270,4482,230,2,19
64,64,15,16774,270,2636,230,2,19
64,64,16,794,270,16116,230,2,19
64,64,17,4482,270,315,230,2,19
64,64,18,2636,270,14403,230,2,19
64,64,19,16116,270,498,228,3,20
65,65,0,5324,500,,0,1,249
65,65,1,609,500,,0,1,249
65,65,2,794,500,,0,1,249
65,65,3,330,500,,0,1,249
65,65,4,5531,500,,0,1,249
65,65,5,27396,500,,0,1,249
65,65,6,1481,500,,0,1,249
65,65,7,759,500,,0,1,249
65,65,8,1991,500,,0,1,249
65,65,9,1956,500,,0,1,249
65,65,10,1383,500,,0,1,249
65,65,11,21479,500,,0,1,249
65,65,12,498,500,,0,1,249
65,65,13,330,500,,0,1,249
65,65,14,16774,500,,0,1,249
65,65,15,794,500,,0,1,249
65,65,16,5324,495,4482,5,2,244
65,65,17,2641,495,3,3,4,245
65,65,18,861,495,2641,2,5,246
65,65,19,794,495,861,2,5,246
66,66,0,5324,500,,0,1,249
66,66,1,609,500,,0,1,249
66,66,2,794,500,,0,1,249
66,66,3,330,500,,0,1,249
66,66,4,5531,500,,0,1,249
66,66,5,27396,500,,0,1,249
66,66,6,23304,500,,0,1,249
66,66,7,1956,500,,0,1,249
66,66,8,1383,500,,0,1,249
66,66,9,21479,500,,0,1,249
66,66,10,498,500,,0,1,249
66,66,11,330,500,,0,1,249
66,66,12,16774,500,,0,1,249
66,66,13,794,500,,0,1,249
66,66,14,5324,500,,0,1,249
66,66,15,2641,500,,0,1,249
66,66,16,794,490,861,10,2,239
66,66,17,330,490,794,10,2,239
66,66,18,2366,467,3311,23,3,221
66,66,19,18,467,9388,18,4,224
67,67,0,5324,500,,0,1,249
67,67,1,609,500,,0,1,249
67,67,2,794,500,,0,1,249
67,67,3,330,500,,0,1,249
67,67,4,89921,500,,0,1,249
67,67,5,1824,500,,0,1,249
67,67,6,46541,500,,0,1,249
67,67,7,498,500,,0,1,249
67,67,8,330,500,,0,1,249
67,67,9,16774,500,,0,1,249
67,67,10,794,500,,0,1,249
67,67,11,5324,500,,0,1,249
67,67,12,29199,500,,0,1,249
67,67,13,794,500,,0,1,249
67,67,14,330,500,,0,1,249
67,67,15,19,500,,0,1,249
67,67,16,353,500,,0,1,249
67,67,17,400,500,,0,1,249
67,67,18,10161,500,,0,1,249
67,67,19,13,500,,0,1,249
68,68,0,5324,500,,0,1,249
68,68,1,609,500,,0,1,249
68,68,2,794,500,,0,1,249
68,68,3,330,500,,0,1,249
68,68,4,15814,500,,0,1,249
68,68,5,64733,500,,0,1,249
68,68,6,82632,500,,0,1,249
68,68,7,23304,491,498,9,2,240
68,68,8,11327,491,330,9,2,240
68,68,9,30043,491,16774,9,2,240
68,68,10,498,491,794,9,2,240
68,68,11,330,491,4482,9,2,240
68,68,12,16774,491,456,9,2,240
68,68,13,794,491,11327,9,2,240
68,68,14,5324,491,30043,9,2,240
68,68,15,1337,488,93546,9,3,239
68,68,16,794,491,100257,9,2,240
68,68,17,330,491,,9,2,240
68,68,18,15814,369,1735,119,5,124
68,68,19,498,439,20296,31,6,203
69,69,0,5324,500,,0,1,249
69,69,1,609,500,,0,1,249
69,69,2,794,500,,0,1,249
69,69,3,330,500,,0,1,249
69,69,4,15561,487,4030,13,2,236
69,69,5,24851,487,12,13,2,236
69,69,6,498,487,15561,13,2,236
69,69,7,330,487,23304,13,2,236
69,69,8,16774,487,70464,13,2,236
69,69,9,794,487,498,13,2,236
69,69,10,5324,395,4482,92,3,151
69,69,11,4030,383,2485,63,5,159
69,69,12,794,261,1292,147,4,56
69,69,13,330,248,794,147,5,50
69,69,14,60704,248,330,147,5,50
69,69,15,498,208,60704,147,6,30
69,69,16,330,208,9388,91,8,58
69,69,17,9103,208,92,91,7,58
69,69,18,794,208,100257,91,9,58
69,69,19,330,208,,104,8,51
70,70,0,5324,500,,0,1,249
70,70,1,609,500,,0,1,249
70,70,2,794,500,,0,1,249
70,70,3,330,500,,0,1,249
70,70,4,5531,500,,0,1,249
70,70,5,27396,500,,0,1,249
70,70,6,1481,500,,0,1,249
70,70,7,759,500,,0,1,249
70,70,8,1991,500,,0,1,249
70,70,9,1956,500,,0,1,249
70,70,10,1383,500,,0,1,249
70,70,11,21479,500,,0,1,249
70,70,12,498,500,,0,1,249
70,70,13,330,500,,0,1,249
70,70,14,16774,500,,0,1,249
70,70,15,794,500,,0,1,249
70,70,16,5324,500,,0,1,249
70,70,17,2641,500,,0,1,249
70,70,18,861,500,,0,1,249
70,70,19,794,500,,0,1,249
71,71,0,5324,500,,0,1,249
71,71,1,609,500,,0,1,249
71,71,2,794,500,,0,1,249
71,71,3,330,500,,0,1,249
71,71,4,76,500,,0,1,249
71,71,5,4777,500,,0,1,249
71,71,6,38428,500,,0,1,249
71,71,7,27396,500,,0,1,249
71,71,8,23304,500,,0,1,249
71,71,9,56303,500,,0,1,249
71,71,10,12033,500,,0,1,249
71,71,11,498,500,,0,1,249
71,71,12,330,500,,0,1,249
71,71,13,16774,500,,0,1,249
71,71,14,794,500,,0,1,249
71,71,15,5324,423,4482,76,3,173
71,71,16,24649,424,975,73,3,175
71,71,17,794,423,13,73,4,174
71,71,18,330,423,22801,73,4,174
71,71,19,975,424,19,73,3,175
72,72,0,5324,500,,0,1,249
72,72,1,609,500,,0,1,249
72,72,2,794,500,,0,1,249
72,72,3,330,500,,0,1,249
72,72,4,359,500,,0,1,249
72,72,5,1639,500,,0,1,249
72,72,6,90160,500,,0,1,249
72,72,7,12,500,,0,1,249
72,72,8,15561,500,,0,1,249
72,72,9,23304,500,,0,1,249
72,72,10,70464,500,,0,1,249
72,72,11,1284,302,36817,198,2,51
72,72,12,811,302,82,198,2,51
72,72,13,498,500,,0,1,249
72,72,14,330,500,,0,1,249
72,72,15,16774,500,,0,1,249
72,72,16,794,500,,0,1,249
72,72,17,4482,500,,0,1,249
72,72,18,2059,420,1272,72,3,173
72,72,19,268,428,13,72,2,177
73,73,0,5324,500,,0,1,249
73,73,1,609,500,,0,1,249
73,73,2,794,500,,0,1,249
73,73,3,330,500,,0,1,249
73,73,4,15561,258,359,242,2,7
73,73,5,1639,242,24851,239,3,1
73,73,6,90160,242,498,239,3,1
73,73,7,12,242,330,239,3,1
73,73,8,15561,242,16774,239,3,1
73,73,9,23304,242,794,239,3,1
73,73,10,70464,242,4482,239,3,1
73,73,11,36817,228,1799,175,6,26
73,73,12,82,228,46668,175,7,26
73,73,13,498,243,11,174,5,34
73,73,14,330,246,10007,174,5,35
73,73,15,16774,242,1841,176,6,32
73,73,16,794,242,59004,176,7,32
73,73,17,4482,240,93546,111,9,64
73,73,18,1272,149,100257,111,11,18
73,73,19,13,149,,112,11,18
74,74,0,5324,500,,0,1,249
74,74,1,609,500,,0,1,249
74,74,2,794,500,,0,1,249
74,74,3,330,500,,0,1,249
74,74,4,15561,500,,0,1,249
74,74,5,81839,500,,0,1,249
74,74,6,27396,500,,0,1,249
74,74,7,79505,500,,0,1,249
74,74,8,7348,500,,0,1,249
74,74,9,498,500,,0,1,249
74,74,10,330,500,,0,1,249
74,74,11,16774,500,,0,1,249
74,74,12,794,500,,0,1,249
74,74,13,5324,500,,0,1,249
74,74,14,12393,210,2150,172,3,18
74,74,15,794,290,7348,210,2,39
74,74,16,330,290,19686,210,2,39
74,74,17,794,210,12393,172,3,18
74,74,18,5324,210,7348,172,3,18
74,74,19,9103,210,19686,172,4,18
75,75,0,5324,500,,0,1,249
75,75,1,609,500,,0,1,249
75,75,2,794,500,,0,1,249
75,75,3,330,500,,0,1,249
75,75,4,564,500,,0,1,249
75,75,5,87,500,,0,1,249
75,75,6,27396,500,,0,1,249
75,75,7,23304,500,,0,1,249
75,75,8,669,500,,0,1,249
75,75,9,3397,500,,0,1,249
75,75,10,70045,500,,0,1,249
75,75,11,498,500,,0,1,249
75,75,12,330,500,,0,1,249
75,75,13,16774,500,,0,1,249
75,75,14,794,500,,0,1,249
75,75,15,5324,500,,0,1,249
75,75,16,67468,500,,0,1,249
75,75,17,794,500,,0,1,249
75,75,18,330,500,,0,1,249
75,75,19,7780,500,,0,1,249
76,76,0,5324,500,,0,1,249
76,76,1,609,500,,0,1,249
76,76,2,794,500,,0,1,249
76,76,3,330,500,,0,1,249
76,76,4,15561,500,,0,1,249
76,76,5,1474,500,,0,1,249
76,76,6,4777,500,,0,1,249
76,76,7,27396,500,,0,1,249
76,76,8,23304,500,,0,1,249
76,76,9,56845,320,12,180,2,69
76,76,10,82,320,60084,180,2,69
76,76,11,498,500,,0,1,249
76,76,12,330,500,,0,1,249
76,76,13,16774,500,,0,1,249
76,76,14,794,500,,0,1,249
76,76,15,5324,485,4482,15,2,234
76,76,16,2513,305,2588,139,4,82
76,76,17,794,485,498,14,3,235
76,76,18,330,380,5324,80,4,149
76,76,19,27486,305,1337,69,8,117
77,77,0,5324,500,,0,1,249
77,77,1,609,500,,0,1,249
77,77,2,794,500,,0,1,249
77,77,3,330,500,,0,1,249
77,77,4,1712,500,,0,1,249
77,77,5,27396,500,,0,1,249
77,77,6,12,500,,0,1,249
77,77,7,14500,500,,0,1,249
77,77,8,3084,500,,0,1,249
77,77,9,498,500,,0,1,249
77,77,10,330,500,,0,1,249
77,77,11,16774,500,,0,1,249
77,77,12,794,500,,0,1,249
77,77,13,5324,500,,0,1,249
77,77,14,2484,500,,0,1,249
77,77,15,54293,500,,0,1,249
77,77,16,794,500,,0,1,249
77,77,17,330,500,,0,1,249
77,77,18,32132,500,,0,1,249
77,77,19,82349,500,,0,1,249
78,78,0,5324,500,,0,1,249
78,78,1,609,500,,0,1,249
78,78,2,794,500,,0,1,249
78,78,3,330,500,,0,1,249
78,78,4,1712,500,,0,1,249
78,78,5,27396,500,,0,1,249
78,78,6,12,500,,0,1,249
78,78,7,14500,500,,0,1,249
78,78,8,3084,500,,0,1,249
78,78,9,498,500,,0,1,249
78,78,10,330,500,,0,1,249
78,78,11,16774,500,,0,1,249
78,78,12,794,500,,0,1,249
78,78,13,5324,500,,0,1,249
78,78,14,2484,500,,0,1,249
78,78,15,54293,500,,0,1,249
78,78,16,794,500,,0,1,249
78,78,17,330,500,,0,1,249
78,78,18,32132,500,,0,1,249
78,78,19,82349,500,,0,1,249
79,79,0,5324,500,,0,1,249
79,79,1,609,500,,0,1,249
79,79,2,794,500,,0,1,249
79,79,3,330,500,,0,1,249
79,79,4,15561,500,,0,1,249
79,79,5,24851,500,,0,1,249
79,79,6,27396,500,,0,1,249
79,79,7,23304,500,,0,1,249
79,79,8,20944,500,,0,1,249
79,79,9,41790,500,,0,1,249
79,79,10,498,500,,0,1,249
79,79,11,330,500,,0,1,249
79,79,12,16774,500,,0,1,249
79,79,13,794,500,,0,1,249
79,79,14,5324,497,4482,3,2,246
79,79,15,24649,497,3174,3,2,246
79,79,16,794,497,13,3,2,246
79,79,17,220,359,330,138,3,110
79,79,18,3174,497,18,3,2,246
79,79,19,13,497,11,3,2,246
80,80,0,5324,500,,0,1,249
80,80,1,609,500,,0,1,249
80,80,2,794,500,,0,1,249
80,80,3,330,500,,0,1,249
80,80,4,79,486,47,14,2,235
80,80,5,564,486,1609,14,2,235
80,80,6,17060,486,66018,14,2,235
80,80,7,4777,486,498,14,2,235
80,80,8,92775,486,330,14,2,235
80,80,9,2320,486,16774,14,2,235
80,80,10,13823,486,794,14,2,235
80,80,11,39151,374,498,91,4,141
80,80,12,61779,374,330,91,4,141
80,80,13,498,374,16774,91,4,141
80,80,14,330,388,794,91,3,148
80,80,15,16774,374,5324,91,5,141
80,80,16,794,374,4030,67,8,153
80,80,17,5324,374,794,83,7,145
80,80,18,4030,374,330,83,7,145
80,80,19,794,374,70,56,8,158
81,81,0,5324,500,,0,1,249
81,81,1,609,500,,0,1,249
81,81,2,794,500,,0,1,249
81,81,3,330,500,,0,1,249
81,81,4,15561,500,,0,1,249
81,81,5,23304,500,,0,1,249
81,81,6,12,500,,0,1,249
81,81,7,60084,500,,0,1,249
81,81,8,498,500,,0,1,249
81,81,9,330,500,,0,1,249
81,81,10,16774,500,,0,1,249
81,81,11,794,500,,0,1,249
81,81,12,5324,500,,0,1,249
81,81,13,24649,498,2588,2,2,247
81,81,14,794,500,,0,1,249
81,81,15,330,469,5324,31,2,218
81,81,16,1682,467,1337,28,4,219
81,81,17,13,467,794,31,3,217
81,81,18,25476,467,330,31,3,217
81,81,19,17,467,4174,28,4,219
82,82,0,5324,500,,0,1,249
82,82,1,609,500,,0,1,249
82,82,2,794,500,,0,1,249
82,82,3,330,500,,0,1,249
82,82,4,1658,500,,0,1,249
82,82,5,1201,500,,0,1,249
82,82,6,84001,500,,0,1,249
82,82,7,5098,500,,0,1,249
82,82,8,4777,500,,0,1,249
82,82,9,23304,500,,0,1,249
82,82,10,58985,500,,0,1,249
82,82,11,669,500,,0,1,249
82,82,12,20180,500,,0,1,249
82,82,13,9388,332,498,164,3,83
82,82,14,100257,336,330,164,2,85
82,82,15,,336,16774,164,2,85
82,82,16,,336,794,164,2,85
82,82,17,,336,3132,149,3,93
82,82,18,,336,633,148,5,93
82,82,19,,336,100257,158,4,88
83,83,0,5324,500,,0,1,249
83,83,1,609,500,,0,1,249
83,83,2,794,500,,0,1,249
83,83,3,330,500,,0,1,249
83,83,4,36771,500,,0,1,249
83,83,5,27396,500,,0,1,249
83,83,6,23304,500,,0,1,249
83,83,7,85981,500,,0,1,249
83,83,8,498,500,,0,1,249
83,83,9,330,500,,0,1,249
83,83,10,16774,500,,0,1,249
83,83,11,794,500,,0,1,249
83,83,12,5324,428,4482,72,2,177
83,83,13,1178,428,392,72,2,177
83,83,14,794,428,5118,72,2,177
83,83,15,330,428,50855,72,2,177
83,83,16,392,428,93546,72,2,177
83,83,17,5118,428,100257,72,2,177
83,83,18,50855,428,,72,2,177
83,83,19,32075,380,,72,3,153
84,84,0,5324,500,,0,1,249
84,84,1,609,500,,0,1,249
84,84,2,794,500,,0,1,249
84,84,3,330,500,,0,1,249
84,84,4,2239,352,40657,143,3,104
84,84,5,19993,350,17422,140,5,104
84,84,6,27396,350,6603,140,4,104
84,84,7,19993,350,10550,78,5,135
84,84,8,74184,350,498,81,4,134
84,84,9,23627,350,330,81,4,134
84,84,10,498,350,16774,81,5,134
84,84,11,330,350,794,81,7,134
84,84,12,16774,350,12383,56,9,146
84,84,13,794,351,498,56,7,147
84,84,14,5324,326,498,46,9,139
84,84,15,1663,350,330,54,10,147
84,84,16,794,327,1318,46,12,140
84,84,17,330,350,1365,46,13,151
84,84,18,40657,350,14316,46,10,151
84,84,19,17422,350,,57,9,146
85,85,0,5324,500,,0,1,249
85,85,1,609,500,,0,1,249
85,85,2,794,500,,0,1,249
85,85,3,330,500,,0,1,249
85,85,4,36771,500,,0,1,249
85,85,5,24358,500,,0,1,249
85,85,6,23304,490,498,10,2,239
85,85,7,85981,490,330,10,2,239
85,85,8,498,490,16774,10,2,239
85,85,9,330,490,794,10,2,239
85,85,10,16774,490,4482,10,2,239
85,85,11,794,490,456,10,2,239
85,85,12,5324,466,4482,24,3,220
85,85,13,1178,438,13495,28,4,204
85,85,14,794,466,4341,24,3,220
85,85,15,330,438,5324,28,4,204
85,85,16,23707,438,1178,28,4,204
85,85,17,4341,438,794,28,4,204
85,85,18,4680,438,,34,3,201
85,85,19,32075,394,9388,44,4,174
86,86,0,5324,500,,0,1,249
86,86,1,609,500,,0,1,249
86,86,2,794,500,,0,1,249
86,86,3,330,500,,0,1,249
86,86,4,15561,500,,0,1,249
86,86,5,12,500,,0,1,249
86,86,6,60084,500,,0,1,249
86,86,7,24358,500,,0,1,249
86,86,8,23304,500,,0,1,249
86,86,9,56303,500,,0,1,249
86,86,10,12033,500,,0,1,249
86,86,11,498,500,,0,1,249
86,86,12,330,500,,0,1,249
86,86,13,16774,500,,0,1,249
86,86,14,794,500,,0,1,249
86,86,15,5324,477,4482,23,2,226
86,86,16,24649,477,3174,23,2,226
86,86,17,794,477,13,23,2,226
86,86,18,330,477,25890,23,2,226
86,86,19,3174,477,16,23,2,226
87,87,0,5324,500,,0,1,249
87,87,1,609,500,,0,1,249
87,87,2,794,500,,0,1,249
87,87,3,330,500,,0,1,249
87,87,4,76,500,,0,1,249
87,87,5,4777,500,,0,1,249
87,87,6,54734,500,,0,1,249
87,87,7,27396,500,,0,1,249
87,87,8,23304,500,,0,1,249
87,87,9,85981,500,,0,1,249
87,87,10,498,500,,0,1,249
87,87,11,330,500,,0,1,249
87,87,12,16774,500,,0,1,249
87,87,13,794,500,,0,1,249
87,87,14,5324,480,4482,20,2,229
87,87,15,1178,402,13495,78,4,161
87,87,16,794,480,447,12,3,233
87,87,17,330,402,5324,78,4,161
87,87,18,447,402,1178,78,4,161
87,87,19,1810,402,794,78,4,161
88,88,0,5324,500,,0,1,249
88,88,1,609,500,,0,1,249
88,88,2,794,500,,0,1,249
88,88,3,330,500,,0,1,249
88,88,4,36771,500,,0,1,249
88,88,5,27396,484,498,16,2,233
88,88,6,23304,484,330,16,2,233
88,88,7,85981,484,16774,16,2,233
88,88,8,498,484,794,16,2,233
88,88,9,330,484,4482,16,2,233
88,88,10,16774,484,64968,16,2,233
88,88,11,794,484,1658,16,2,233
88,88,12,5324,467,4482,17,3,224
88,88,13,1178,454,64968,30,3,211
88,88,14,794,454,1658,30,3,211
88,88,15,330,454,670,30,3,211
88,88,16,64968,454,,16,5,218
88,88,17,1658,454,330,16,4,218
88,88,18,670,454,,30,5,211
88,88,19,9388,454,,30,5,211
89,89,0,5324,500,,0,1,249
89,89,1,609,500,,0,1,249
89,89,2,794,500,,0,1,249
89,89,3,330,500,,0,1,249
89,89,4,15561,500,,0,1,249
89,89,5,24358,500,,0,1,249
89,89,6,23304,500,,0,1,249
89,89,7,56303,500,,0,1,249
89,89,8,12033,500,,0,1,249
89,89,9,498,500,,0,1,249
89,89,10,330,500,,0,1,249
89,89,11,16774,500,,0,1,249
89,89,12,794,500,,0,1,249
89,89,13,5324,476,4482,24,2,225
89,89,14,35839,470,1806,24,3,222
89,89,15,794,476,13,24,2,225
89,89,16,4482,470,18831,24,3,222
89,89,17,1806,476,24,24,2,225
89,89,18,13,476,11,24,2,225
89,89,19,18831,476,482,24,2,225
90,90,0,5324,500,,0,1,249
90,90,1,609,500,,0,1,249
90,90,2,794,500,,0,1,249
90,90,3,330,500,,0,1,249
90,90,4,36771,500,,0,1,249
90,90,5,27396,500,,0,1,249
90,90,6,23304,500,,0,1,249
90,90,7,85981,500,,0,1,249
90,90,8,498,500,,0,1,249
90,90,9,330,500,,0,1,249
90,90,10,16774,500,,0,1,249
90,90,11,794,500,,0,1,249
90,90,12,4482,270,5324,230,2,19
90,90,13,75,265,1178,227,4,18
90,90,14,10318,265,794,230,4,17
90,90,15,788,265,330,227,5,18
90,90,16,93546,265,75,227,5,18
90,90,17,100257,265,10318,227,5,18
90,90,18,,265,788,227,5,18
90,90,19,,265,32075,224,6,20
91,91,0,5324,500,,0,1,249
91,91,1,609,500,,0,1,249
91,91,2,794,500,,0,1,249
91,91,3,330,500,,0,1,249
91,91,4,36771,500,,0,1,249
91,91,5,1474,500,,0,1,249
91,91,6,4777,500,,0,1,249
91,91,7,27396,500,,0,1,249
91,91,8,23304,500,,0,1,249
91,91,9,85981,500,,0,1,249
91,91,10,498,500,,0,1,249
91,91,11,330,500,,0,1,249
91,91,12,16774,500,,0,1,249
91,91,13,794,500,,0,1,249
91,91,14,5324,452,4482,48,2,201
91,91,15,1178,426,1,36,4,194
91,91,16,794,452,25625,36,3,207
91,91,17,330,426,74767,36,4,194
91,91,18,25625,426,1,36,4,194
91,91,19,74767,426,1365,36,4,194
92,92,0,5324,500,,0,1,249
92,92,1,609,500,,0,1,249
92,92,2,794,500,,0,1,249
92,92,3,330,500,,0,1,249
92,92,4,36771,500,,0,1,249
92,92,5,27396,500,,0,1,249
92,92,6,23304,500,,0,1,249
92,92,7,85981,500,,0,1,249
92,92,8,498,500,,0,1,249
92,92,9,330,500,,0,1,249
92,92,10,16774,500,,0,1,249
92,92,11,794,500,,0,1,249
92,92,12,5324,500,,0,1,249
92,92,13,1178,498,13495,2,2,247
92,92,14,794,500,,0,1,249
92,92,15,330,498,5324,2,2,247
92,92,16,91313,498,1178,2,2,247
92,92,17,32075,360,498,137,4,111
92,92,18,100257,360,330,139,3,110
92,92,19,,360,1337,101,6,129
93,93,0,5324,500,,0,1,249
93,93,1,609,500,,0,1,249
93,93,2,794,500,,0,1,249
93,93,3,330,500,,0,1,249
93,93,4,27963,500,,0,1,249
93,93,5,41324,500,,0,1,249
93,93,6,23304,500,,0,1,249
93,93,7,5978,500,,0,1,249
93,93,8,2509,500,,0,1,249
93,93,9,15743,500,,0,1,249
93,93,10,9388,490,498,10,2,239
93,93,11,100257,490,330,10,2,239
93,93,12,,490,16774,10,2,239
93,93,13,,490,794,10,2,239
93,93,14,,490,5324,10,2,239
93,93,15,,490,1337,10,2,239
93,93,16,,490,794,10,2,239
93,93,17,,490,330,10,2,239
93,93,18,,490,1735,10,2,239
93,93,19,,490,498,10,2,239
94,94,0,5324,500,,0,1,249
94,94,1,609,500,,0,1,249
94,94,2,794,500,,0,1,249
94,94,3,330,500,,0,1,249
94,94,4,15561,500,,0,1,249
94,94,5,24851,500,,0,1,249
94,94,6,27396,500,,0,1,249
94,94,7,23304,500,,0,1,249
94,94,8,20944,500,,0,1,249
94,94,9,41790,500,,0,1,249
94,94,10,498,500,,0,1,249
94,94,11,330,500,,0,1,249
94,94,12,16774,500,,0,1,249
94,94,13,794,500,,0,1,249
94,94,14,5324,500,,0,1,249
94,94,15,24649,500,,0,1,249
94,94,16,794,500,,0,1,249
94,94,17,6660,250,330,153,3,48
94,94,18,1682,330,1806,153,3,88
94,94,19,13,500,,0,1,249
95,95,0,5324,500,,0,1,249
95,95,1,609,500,,0,1,249
95,95,2,794,500,,0,1,249
95,95,3,330,500,,0,1,249
95,95,4,15561,500,,0,1,249
95,95,5,12,500,,0,1,249
95,95,6,60084,500,,0,1,249
95,95,7,24358,500,,0,1,249
95,95,8,23304,482,498,18,2,231
95,95,9,56303,482,330,18,2,231
95,95,10,12033,482,16774,18,2,231
95,95,11,498,482,794,18,2,231
95,95,12,330,482,5324,11,3,235
95,95,13,16774,482,24649,11,3,235
95,95,14,794,493,56303,7,2,242
95,95,15,5324,482,330,11,3,235
95,95,16,24649,482,1644,11,3,235
95,95,17,794,482,13,11,3,235
95,95,18,330,476,25505,11,5,232
95,95,19,1644,482,23,11,3,235
96,96,0,5324,500,,0,1,249
96,96,1,609,500,,0,1,249
96,96,2,794,500,,0,1,249
96,96,3,330,500,,0,1,249
96,96,4,89921,490,36697,10,2,239
96,96,5,27396,490,19918,9,3,240
96,96,6,1824,490,10301,9,3,240
96,96,7,46541,490,498,9,3,240
96,96,8,498,490,330,9,3,240
96,96,9,330,490,16774,9,3,240
96,96,10,16774,490,794,9,3,240
96,96,11,794,490,5324,9,3,240
96,96,12,5324,490,1382,9,3,240
96,96,13,29199,479,1382,11,4,233
96,96,14,794,488,7749,11,3,238
96,96,15,330,479,794,11,4,233
96,96,16,3965,488,220,11,3,238
96,96,17,353,479,3965,11,4,233
96,96,18,320,479,11,11,4,233
96,96,19,16,479,330,11,4,233
97,97,0,5324,500,,0,1,249
97,97,1,609,500,,0,1,249
97,97,2,794,500,,0,1,249
97,97,3,330,500,,0,1,249
97,97,4,359,500,,0,1,249
97,97,5,1639,500,,0,1,249
97,97,6,90160,500,,0,1,249
97,97,7,12,500,,0,1,249
97,97,8,15561,500,,0,1,249
97,97,9,23304,500,,0,1,249
97,97,10,70464,500,,0,1,249
97,97,11,36817,500,,0,1,249
97,97,12,82,500,,0,1,249
97,97,13,498,500,,0,1,249
97,97,14,330,500,,0,1,249
97,97,15,16774,500,,0,1,249
97,97,16,794,500,,0,1,249
97,97,17,4482,500,,0,1,249
97,97,18,1272,488,2588,12,2,237
97,97,19,13,488,794,12,2,237
98,98,0,5324,500,,0,1,249
98,98,1,609,500,,0,1,249
98,98,2,794,500,,0,1,249
98,98,3,330,500,,0,1,249
98,98,4,359,500,,0,1,249
98,98,5,1639,500,,0,1,249
98,98,6,90160,500,,0,1,249
98,98,7,12,500,,0,1,249
98,98,8,15561,500,,0,1,249
98,98,9,23304,500,,0,1,249
98,98,10,70464,500,,0,1,249
98,98,11,36817,500,,0,1,249
98,98,12,82,500,,0,1,249
98,98,13,498,500,,0,1,249
98,98,14,330,500,,0,1,249
98,98,15,16774,500,,0,1,249
98,98,16,794,500,,0,1,249
98,98,17,4482,500,,0,1,249
98,98,18,1272,439,2588,61,2,188
98,98,19,13,439,794,61,2,188
99,99,0,5324,500,,0,1,249
99,99,1,1316,310,609,190,2,59
99,99,2,794,500,,0,1,249
99,99,3,330,500,,0,1,249
99,99,4,2366,310,16353,128,4,90
99,99,5,19,310,74846,113,6,98
99,99,6,12,310,498,91,8,109
99,99,7,2589,310,330,91,7,109
99,99,8,12,310,16774,113,6,98
99,99,9,2304,310,794,113,6,98
99,99,10,498,307,4482,89,7,108
99,99,11,330,307,16217,89,9,108
99,99,12,6173,307,84361,89,9,108
99,99,13,794,307,498,89,11,108
99,99,14,220,307,330,89,9,108
99,99,15,16217,307,27293,89,9,108
99,99,16,633,215,11,92,12,61
99,99,17,100257,213,330,181,13,15
99,99,18,,216,998,92,11,61
99,99,19,,216,35810,98,13,58
100,100,0,5324,500,,0,1,249
100,100,1,609,500,,0,1,249
100,100,2,794,500,,0,1,249
100,100,3,330,500,,0,1,249
100,100,4,27963,500,,0,1,249
100,100,5,41324,500,,0,1,249
100,100,6,27396,500,,0,1,249
100,100,7,7716,500,,0,1,249
100,100,8,771,500,,0,1,249
100,100,9,498,500,,0,1,249
100,100,10,330,500,,0,1,249
100,100,11,16774,500,,0,1,249
100,100,12,794,500,,0,1,249
100,100,13,5324,466,4482,34,2,215
100,100,14,61665,466,3,34,2,215
100,100,15,794,466,17,34,2,215
100,100,16,330,466,3855,20,3,222
100,100,17,791,466,6726,20,3,222
100,100,18,19533,466,22,20,3,222
100,100,19,1288,466,44,20,3,222
101,101,0,5324,500,,0,1,249
101,101,1,609,500,,0,1,249
101,101,2,794,500,,0,1,249
101,101,3,330,500,,0,1,249
101,101,4,76,500,,0,1,249
101,101,5,4777,500,,0,1,249
101,101,6,48974,500,,0,1,249
101,101,7,66589,500,,0,1,249
101,101,8,70464,500,,0,1,249
101,101,9,498,500,,0,1,249
101,101,10,330,500,,0,1,249
101,101,11,16774,500,,0,1,249
101,101,12,794,500,,0,1,249
101,101,13,5324,500,,0,1,249
101,101,14,9103,500,,0,1,249
101,101,15,794,500,,0,1,249
101,101,16,330,500,,0,1,249
101,101,17,40672,500,,0,1,249
101,101,18,9388,469,498,31,2,218
101,101,19,92,469,330,31,2,218
102,102,0,5324,500,,0,1,249
102,102,1,609,500,,0,1,249
102,102,2,794,500,,0,1,249
102,102,3,330,500,,0,1,249
102,102,4,4150,500,,0,1,249
102,102,5,1474,500,,0,1,249
102,102,6,11768,500,,0,1,249
102,102,7,27396,500,,0,1,249
102,102,8,9206,500,,0,1,249
102,102,9,6953,500,,0,1,249
102,102,10,4581,500,,0,1,249
102,102,11,1392,500,,0,1,249
102,102,12,9388,379,498,79,4,149
102,102,13,100257,421,330,79,2,170
102,102,14,,421,16774,79,2,170
102,102,15,,421,794,79,2,170
102,102,16,,421,4482,79,2,170
102,102,17,,421,4150,78,3,171
102,102,18,,421,1474,78,3,171
102,102,19,,421,11768,78,3,171
103,103,0,5324,500,,0,1,249
103,103,1,609,382,2588,118,2,131
103,103,2,794,500,,0,1,249
103,103,3,330,500,,0,1,249
103,103,4,359,382,51,64,3,158
103,103,5,1639,382,23465,64,4,158
103,103,6,90160,382,100257,53,5,164
103,103,7,12,382,,53,5,164
103,103,8,15561,382,,92,4,144
103,103,9,23304,382,,92,4,144
103,103,10,70464,382,,92,4,144
103,103,11,36817,382,,92,4,144
103,103,12,82,382,,92,4,144
103,103,13,498,382,,93,3,144
103,103,14,330,382,,118,2,131
103,103,15,16774,382,,118,2,131
103,103,16,794,382,,118,2,131
103,103,17,4482,382,,118,2,131
103,103,18,2588,381,,118,3,131
103,103,19,794,262,93546,119,4,71
104,104,0,5324,500,,0,1,249
104,104,1,609,500,,0,1,249
104,104,2,794,500,,0,1,249
104,104,3,330,500,,0,1,249
104,104,4,1658,500,,0,1,249
104,104,5,1201,500,,0,1,249
104,104,6,84001,500,,0,1,249
104,104,7,5098,500,,0,1,249
104,104,8,4777,500,,0,1,249
104,104,9,12,500,,0,1,249
104,104,10,14500,500,,0,1,249
104,104,11,35810,500,,0,1,249
104,104,12,57692,500,,0,1,249
104,104,13,4257,500,,0,1,249
104,104,14,498,500,,0,1,249
104,104,15,330,500,,0,1,249
104,104,16,16774,500,,0,1,249
104,104,17,794,500,,0,1,249
104,104,18,4482,500,,0,1,249
104,104,19,868,500,,0,1,249
105,105,0,5324,500,,0,1,249
105,105,1,609,500,,0,1,249
105,105,2,794,500,,0,1,249
105,105,3,330,500,,0,1,249
105,105,4,36771,500,,0,1,249
105,105,5,27396,500,,0,1,249
105,105,6,23304,500,,0,1,249
105,105,7,85981,500,,0,1,249
105,105,8,498,500,,0,1,249
105,105,9,330,500,,0,1,249
105,105,10,16774,500,,0,1,249
105,105,11,794,500,,0,1,249
105,105,12,5324,435,4482,65,2,184
105,105,13,1178,428,1897,65,3,181
105,105,14,794,435,10231,65,2,184
105,105,15,330,428,93546,65,3,181
105,105,16,1897,428,100257,65,3,181
105,105,17,10231,428,,65,3,181
105,105,18,32075,428,,65,3,181
105,105,19,92,215,100257,213,4,0
106,106,0,5324,500,,0,1,249
106,106,1,609,500,,0,1,249
106,106,2,794,500,,0,1,249
106,106,3,330,500,,0,1,249
106,106,4,76,500,,0,1,249
106,106,5,4777,500,,0,1,249
106,106,6,38428,500,,0,1,249
106,106,7,27396,500,,0,1,249
106,106,8,23304,500,,0,1,249
106,106,9,56303,500,,0,1,249
106,106,10,12033,500,,0,1,249
106,106,11,498,500,,0,1,249
106,106,12,330,500,,0,1,249
106,106,13,16774,500,,0,1,249
106,106,14,794,500,,0,1,249
106,106,15,5324,500,,0,1,249
106,106,16,24649,500,,0,1,249
106,106,17,794,500,,0,1,249
106,106,18,220,500,,0,1,249
106,106,19,3391,259,1272,241,2,8
107,107,0,5324,500,,0,1,249
107,107,1,609,500,,0,1,249
107,107,2,794,500,,0,1,249
107,107,3,330,500,,0,1,249
107,107,4,359,500,,0,1,249
107,107,5,1639,500,,0,1,249
107,107,6,90160,500,,0,1,249
107,107,7,12,500,,0,1,249
107,107,8,15561,500,,0,1,249
107,107,9,23304,500,,0,1,249
107,107,10,33392,500,,0,1,249
107,107,11,398,500,,0,1,249
107,107,12,36663,500,,0,1,249
107,107,13,3914,500,,0,1,249
107,107,14,498,500,,0,1,249
107,107,15,330,500,,0,1,249
107,107,16,16774,500,,0,1,249
107,107,17,794,500,,0,1,249
107,107,18,5324,270,4482,230,2,19
107,107,19,2588,293,1272,207,2,42
108,108,0,5324,500,,0,1,249
108,108,1,609,500,,0,1,249
108,108,2,794,500,,0,1,249
108,108,3,330,500,,0,1,249
108,108,4,36771,500,,0,1,249
108,108,5,24358,500,,0,1,249
108,108,6,23304,500,,0,1,249
108,108,7,85981,500,,0,1,249
108,108,8,498,500,,0,1,249
108,108,9,330,500,,0,1,249
108,108,10,16774,500,,0,1,249
108,108,11,794,500,,0,1,249
108,108,12,5324,488,4482,12,2,237
108,108,13,1178,458,13495,30,3,213
108,108,14,794,488,408,12,2,237
108,108,15,330,458,5324,30,3,213
108,108,16,805,458,1178,30,3,213
108,108,17,408,458,794,30,3,213
108,108,18,575,458,330,30,3,213
108,108,19,488,458,805,30,3,213
109,109,0,5324,500,,0,1,249
109,109,1,609,500,,0,1,249
109,109,2,794,500,,0,1,249
109,109,3,330,500,,0,1,249
109,109,4,89921,500,,0,1,249
109,109,5,1824,500,,0,1,249
109,109,6,46541,500,,0,1,249
109,109,7,498,500,,0,1,249
109,109,8,330,500,,0,1,249
109,109,9,16774,500,,0,1,249
109,109,10,794,500,,0,1,249
109,109,11,5324,500,,0,1,249
109,109,12,27847,498,29199,2,2,247
109,109,13,2401,498,794,2,2,247
109,109,14,2135,498,330,2,2,247
109,109,15,1539,498,10617,1,3,248
109,109,16,9430,330,794,168,4,80
109,109,17,794,330,330,168,4,80
109,109,18,220,330,10617,168,4,80
109,109,19,15,330,498,168,4,80
