seed,K,N,L,T,delta_stab,delta_val,target_bias,influence_mode,stability_competitor_mode,budget,method,objective,curve_type,max_attacked_rows,max_attacked_cells,attacked_fraction,certified_fraction,status_name,is_optimal,certified_fraction_is_exact,bound_type,objective_value,lower_bound,upper_bound,mip_gap,runtime_sec
0,8,2,6,4,0.2,0.2,0.3,dense,runner_up,0,Shared MILP,stability_one_token_per_prompt,direct_damage_milp,0,0,0.0,1.0,OPTIMAL,True,True,exact,-0.0,-0.0,-0.0,0.0,0.00015783309936523438
0,8,2,6,4,0.2,0.2,0.3,dense,runner_up,0,Shared MILP,stability_full_sequence_per_prompt,direct_damage_milp,0,0,0.0,1.0,OPTIMAL,True,True,exact,-0.0,-0.0,-0.0,0.0,0.0001430511474609375
0,8,2,6,4,0.2,0.2,0.3,dense,runner_up,0,Shared MILP,validity_full_harmful_sequence_per_prompt,direct_damage_milp,0,2,0.0,1.0,OPTIMAL,True,True,exact,-0.0,-0.0,-0.0,0.0,0.000164031982421875
0,8,2,6,4,0.2,0.2,0.3,dense,runner_up,1,Shared MILP,stability_one_token_per_prompt,direct_damage_milp,0,0,0.0,1.0,OPTIMAL,True,True,exact,-0.0,-0.0,-0.0,0.0,0.0002338886260986328
0,8,2,6,4,0.2,0.2,0.3,dense,runner_up,1,Shared MILP,stability_full_sequence_per_prompt,direct_damage_milp,0,0,0.0,1.0,OPTIMAL,True,True,exact,-0.0,-0.0,-0.0,0.0,0.0002410411834716797
0,8,2,6,4,0.2,0.2,0.3,dense,runner_up,1,Shared MILP,validity_full_harmful_sequence_per_prompt,direct_damage_milp,0,2,0.0,1.0,OPTIMAL,True,True,exact,-0.0,-0.0,-0.0,0.0,0.00026798248291015625
0,8,2,6,4,0.2,0.2,0.3,dense,runner_up,2,Shared MILP,stability_one_token_per_prompt,direct_damage_milp,1,1,0.5,0.5,OPTIMAL,True,True,exact,1.0,1.0,1.0,0.0,0.0002770423889160156
0,8,2,6,4,0.2,0.2,0.3,dense,runner_up,2,Shared MILP,stability_full_sequence_per_prompt,direct_damage_milp,0,0,0.0,1.0,OPTIMAL,True,True,exact,-0.0,-0.0,-0.0,0.0,0.00024890899658203125
0,8,2,6,4,0.2,0.2,0.3,dense,runner_up,2,Shared MILP,validity_full_harmful_sequence_per_prompt,direct_damage_milp,1,7,0.5,0.5,OPTIMAL,True,True,exact,1.0,1.0,1.0,0.0,0.0026018619537353516
0,8,2,6,4,0.2,0.2,0.3,dense,runner_up,3,Shared MILP,stability_one_token_per_prompt,direct_damage_milp,2,2,1.0,0.0,OPTIMAL,True,True,exact,2.0,2.0,2.0,0.0,0.002701997756958008
0,8,2,6,4,0.2,0.2,0.3,dense,runner_up,3,Shared MILP,stability_full_sequence_per_prompt,direct_damage_milp,1,6,0.5,0.5,OPTIMAL,True,True,exact,1.0,1.0,1.0,0.0,0.001332998275756836
0,8,2,6,4,0.2,0.2,0.3,dense,runner_up,3,Shared MILP,validity_full_harmful_sequence_per_prompt,direct_damage_milp,1,7,0.5,0.5,OPTIMAL,True,True,exact,1.0,1.0,1.0,0.0,0.0015380382537841797
0,8,2,6,4,0.2,0.2,0.3,dense,runner_up,4,Shared MILP,stability_one_token_per_prompt,direct_damage_milp,2,2,1.0,0.0,OPTIMAL,True,True,exact,2.0,2.0,2.0,0.0,0.002277851104736328
0,8,2,6,4,0.2,0.2,0.3,dense,runner_up,4,Shared MILP,stability_full_sequence_per_prompt,direct_damage_milp,2,12,1.0,0.0,OPTIMAL,True,True,exact,2.0,2.0,2.0,0.0,0.0016298294067382812
0,8,2,6,4,0.2,0.2,0.3,dense,runner_up,4,Shared MILP,validity_full_harmful_sequence_per_prompt,direct_damage_milp,2,12,1.0,0.0,OPTIMAL,True,True,exact,2.0,2.0,2.0,0.0,0.001728057861328125
0,8,2,6,4,0.2,0.2,0.3,dense,runner_up,5,Shared MILP,stability_one_token_per_prompt,direct_damage_milp,2,2,1.0,0.0,OPTIMAL,True,True,exact,2.0,2.0,2.0,0.0,0.002068042755126953
0,8,2,6,4,0.2,0.2,0.3,dense,runner_up,5,Shared MILP,stability_full_sequence_per_prompt,direct_damage_milp,2,12,1.0,0.0,OPTIMAL,True,True,exact,2.0,2.0,2.0,0.0,0.0018341541290283203
0,8,2,6,4,0.2,0.2,0.3,dense,runner_up,5,Shared MILP,validity_full_harmful_sequence_per_prompt,direct_damage_milp,2,12,1.0,0.0,OPTIMAL,True,True,exact,2.0,2.0,2.0,0.0,0.001600027084350586
0,8,2,6,4,0.2,0.2,0.3,dense,runner_up,6,Shared MILP,stability_one_token_per_prompt,direct_damage_milp,2,4,1.0,0.0,OPTIMAL,True,True,exact,2.0,2.0,2.0,0.0,0.002042055130004883
0,8,2,6,4,0.2,0.2,0.3,dense,runner_up,6,Shared MILP,stability_full_sequence_per_prompt,direct_damage_milp,2,12,1.0,0.0,OPTIMAL,True,True,exact,2.0,2.0,2.0,0.0,0.0017948150634765625
0,8,2,6,4,0.2,0.2,0.3,dense,runner_up,6,Shared MILP,validity_full_harmful_sequence_per_prompt,direct_damage_milp,2,12,1.0,0.0,OPTIMAL,True,True,exact,2.0,2.0,2.0,0.0,0.0018868446350097656
0,8,2,6,4,0.2,0.2,0.3,dense,runner_up,7,Shared MILP,stability_one_token_per_prompt,direct_damage_milp,2,2,1.0,0.0,OPTIMAL,True,True,exact,2.0,2.0,2.0,0.0,0.0007710456848144531
0,8,2,6,4,0.2,0.2,0.3,dense,runner_up,7,Shared MILP,stability_full_sequence_per_prompt,direct_damage_milp,2,12,1.0,0.0,OPTIMAL,True,True,exact,2.0,2.0,2.0,0.0,0.0004520416259765625
0,8,2,6,4,0.2,0.2,0.3,dense,runner_up,7,Shared MILP,validity_full_harmful_sequence_per_prompt,direct_damage_milp,2,12,1.0,0.0,OPTIMAL,True,True,exact,2.0,2.0,2.0,0.0,0.000308990478515625
0,8,2,6,4,0.2,0.2,0.3,dense,runner_up,8,Shared MILP,stability_one_token_per_prompt,direct_damage_milp,2,12,1.0,0.0,OPTIMAL,True,True,exact,2.0,2.0,2.0,0.0,4.1961669921875e-05
0,8,2,6,4,0.2,0.2,0.3,dense,runner_up,8,Shared MILP,stability_full_sequence_per_prompt,direct_damage_milp,2,12,1.0,0.0,OPTIMAL,True,True,exact,2.0,2.0,2.0,0.0,4.792213439941406e-05
0,8,2,6,4,0.2,0.2,0.3,dense,runner_up,8,Shared MILP,validity_full_harmful_sequence_per_prompt,direct_damage_milp,2,12,1.0,0.0,OPTIMAL,True,True,exact,2.0,2.0,2.0,0.0,5.1021575927734375e-05
