K,K_requested,K_actual,K_master,N_master,L_master,T_master,coupled_generation,N,L,T,generator,delta_stab,delta_val,target_bias,influence_mode,group_size,overlap,validity_demo_distribution,target_gap,budget_plot_num_points,seed_count,seed_values,runtime_gurobi_total,runtime_gurobi_total_min,runtime_gurobi_total_max,runtime_gurobi_total_minus,runtime_gurobi_total_plus,row_col_stab_q1_r1,row_col_stab_q1_r1_min,row_col_stab_q1_r1_max,row_col_stab_q1_r1_minus,row_col_stab_q1_r1_plus,row_col_stab_q1_r1_lower_bound,row_col_stab_q1_r1_lower_bound_min,row_col_stab_q1_r1_lower_bound_max,row_col_stab_q1_r1_lower_bound_minus,row_col_stab_q1_r1_lower_bound_plus,row_col_stab_q1_r1_upper_bound,row_col_stab_q1_r1_upper_bound_min,row_col_stab_q1_r1_upper_bound_max,row_col_stab_q1_r1_upper_bound_minus,row_col_stab_q1_r1_upper_bound_plus,row_col_stab_q1_r1_mip_gap,row_col_stab_q1_r1_mip_gap_min,row_col_stab_q1_r1_mip_gap_max,row_col_stab_q1_r1_mip_gap_minus,row_col_stab_q1_r1_mip_gap_plus,row_col_stab_q1_rL,row_col_stab_q1_rL_min,row_col_stab_q1_rL_max,row_col_stab_q1_rL_minus,row_col_stab_q1_rL_plus,row_col_stab_q1_rL_lower_bound,row_col_stab_q1_rL_lower_bound_min,row_col_stab_q1_rL_lower_bound_max,row_col_stab_q1_rL_lower_bound_minus,row_col_stab_q1_rL_lower_bound_plus,row_col_stab_q1_rL_upper_bound,row_col_stab_q1_rL_upper_bound_min,row_col_stab_q1_rL_upper_bound_max,row_col_stab_q1_rL_upper_bound_minus,row_col_stab_q1_rL_upper_bound_plus,row_col_stab_q1_rL_mip_gap,row_col_stab_q1_rL_mip_gap_min,row_col_stab_q1_rL_mip_gap_max,row_col_stab_q1_rL_mip_gap_minus,row_col_stab_q1_rL_mip_gap_plus,row_col_stab_qN_r1,row_col_stab_qN_r1_min,row_col_stab_qN_r1_max,row_col_stab_qN_r1_minus,row_col_stab_qN_r1_plus,row_col_stab_qN_r1_lower_bound,row_col_stab_qN_r1_lower_bound_min,row_col_stab_qN_r1_lower_bound_max,row_col_stab_qN_r1_lower_bound_minus,row_col_stab_qN_r1_lower_bound_plus,row_col_stab_qN_r1_upper_bound,row_col_stab_qN_r1_upper_bound_min,row_col_stab_qN_r1_upper_bound_max,row_col_stab_qN_r1_upper_bound_minus,row_col_stab_qN_r1_upper_bound_plus,row_col_stab_qN_r1_mip_gap,row_col_stab_qN_r1_mip_gap_min,row_col_stab_qN_r1_mip_gap_max,row_col_stab_qN_r1_mip_gap_minus,row_col_stab_qN_r1_mip_gap_plus,row_col_stab_qN_rL,row_col_stab_qN_rL_min,row_col_stab_qN_rL_max,row_col_stab_qN_rL_minus,row_col_stab_qN_rL_plus,row_col_stab_qN_rL_lower_bound,row_col_stab_qN_rL_lower_bound_min,row_col_stab_qN_rL_lower_bound_max,row_col_stab_qN_rL_lower_bound_minus,row_col_stab_qN_rL_lower_bound_plus,row_col_stab_qN_rL_upper_bound,row_col_stab_qN_rL_upper_bound_min,row_col_stab_qN_rL_upper_bound_max,row_col_stab_qN_rL_upper_bound_minus,row_col_stab_qN_rL_upper_bound_plus,row_col_stab_qN_rL_mip_gap,row_col_stab_qN_rL_mip_gap_min,row_col_stab_qN_rL_mip_gap_max,row_col_stab_qN_rL_mip_gap_minus,row_col_stab_qN_rL_mip_gap_plus,row_col_val_q1,row_col_val_q1_min,row_col_val_q1_max,row_col_val_q1_minus,row_col_val_q1_plus,row_col_val_q1_lower_bound,row_col_val_q1_lower_bound_min,row_col_val_q1_lower_bound_max,row_col_val_q1_lower_bound_minus,row_col_val_q1_lower_bound_plus,row_col_val_q1_upper_bound,row_col_val_q1_upper_bound_min,row_col_val_q1_upper_bound_max,row_col_val_q1_upper_bound_minus,row_col_val_q1_upper_bound_plus,row_col_val_q1_mip_gap,row_col_val_q1_mip_gap_min,row_col_val_q1_mip_gap_max,row_col_val_q1_mip_gap_minus,row_col_val_q1_mip_gap_plus,row_col_val_qN,row_col_val_qN_min,row_col_val_qN_max,row_col_val_qN_minus,row_col_val_qN_plus,row_col_val_qN_lower_bound,row_col_val_qN_lower_bound_min,row_col_val_qN_lower_bound_max,row_col_val_qN_lower_bound_minus,row_col_val_qN_lower_bound_plus,row_col_val_qN_upper_bound,row_col_val_qN_upper_bound_min,row_col_val_qN_upper_bound_max,row_col_val_qN_upper_bound_minus,row_col_val_qN_upper_bound_plus,row_col_val_qN_mip_gap,row_col_val_qN_mip_gap_min,row_col_val_qN_mip_gap_max,row_col_val_qN_mip_gap_minus,row_col_val_qN_mip_gap_plus,raw_dpa_stab_min_cell,raw_dpa_stab_min_cell_min,raw_dpa_stab_min_cell_max,raw_dpa_stab_min_cell_minus,raw_dpa_stab_min_cell_plus,dpa_stab_cell_min,dpa_stab_cell_min_min,dpa_stab_cell_min_max,dpa_stab_cell_min_minus,dpa_stab_cell_min_plus,dpa_stab_row_radius_q1,dpa_stab_row_radius_q1_min,dpa_stab_row_radius_q1_max,dpa_stab_row_radius_q1_minus,dpa_stab_row_radius_q1_plus,dpa_stab_row_radius_qN,dpa_stab_row_radius_qN_min,dpa_stab_row_radius_qN_max,dpa_stab_row_radius_qN_minus,dpa_stab_row_radius_qN_plus,dpa_val_cell_min,dpa_val_cell_min_min,dpa_val_cell_min_max,dpa_val_cell_min_minus,dpa_val_cell_min_plus,dpa_val_row_weak_q1,dpa_val_row_weak_q1_min,dpa_val_row_weak_q1_max,dpa_val_row_weak_q1_minus,dpa_val_row_weak_q1_plus,dpa_val_row_weak_qN,dpa_val_row_weak_qN_min,dpa_val_row_weak_qN_max,dpa_val_row_weak_qN_minus,dpa_val_row_weak_qN_plus,dpa_val_row_strong_q1,dpa_val_row_strong_q1_min,dpa_val_row_strong_q1_max,dpa_val_row_strong_q1_minus,dpa_val_row_strong_q1_plus,dpa_val_row_strong_qN,dpa_val_row_strong_qN_min,dpa_val_row_strong_qN_max,dpa_val_row_strong_qN_minus,dpa_val_row_strong_qN_plus,raw_dpa_val_min_cell,raw_dpa_val_min_cell_min,raw_dpa_val_min_cell_max,raw_dpa_val_min_cell_minus,raw_dpa_val_min_cell_plus,plain_dpa_val_cell_min,plain_dpa_val_cell_min_min,plain_dpa_val_cell_min_max,plain_dpa_val_cell_min_minus,plain_dpa_val_cell_min_plus,plain_dpa_val_sequence_q1,plain_dpa_val_sequence_q1_min,plain_dpa_val_sequence_q1_max,plain_dpa_val_sequence_q1_minus,plain_dpa_val_sequence_q1_plus,plain_dpa_val_sequence_qN,plain_dpa_val_sequence_qN_min,plain_dpa_val_sequence_qN_max,plain_dpa_val_sequence_qN_minus,plain_dpa_val_sequence_qN_plus,plain_dpa_val_sequence_mean,plain_dpa_val_sequence_mean_min,plain_dpa_val_sequence_mean_max,plain_dpa_val_sequence_mean_minus,plain_dpa_val_sequence_mean_plus,tpa_val_cell_min,tpa_val_cell_min_min,tpa_val_cell_min_max,tpa_val_cell_min_minus,tpa_val_cell_min_plus,tpa_val_sequence_q1,tpa_val_sequence_q1_min,tpa_val_sequence_q1_max,tpa_val_sequence_q1_minus,tpa_val_sequence_q1_plus,tpa_val_sequence_qN,tpa_val_sequence_qN_min,tpa_val_sequence_qN_max,tpa_val_sequence_qN_minus,tpa_val_sequence_qN_plus,tpa_val_sequence_mean,tpa_val_sequence_mean_min,tpa_val_sequence_mean_max,tpa_val_sequence_mean_minus,tpa_val_sequence_mean_plus,independent_stab_full_row_q1,independent_stab_full_row_q1_min,independent_stab_full_row_q1_max,independent_stab_full_row_q1_minus,independent_stab_full_row_q1_plus,independent_stab_full_row_qN,independent_stab_full_row_qN_min,independent_stab_full_row_qN_max,independent_stab_full_row_qN_minus,independent_stab_full_row_qN_plus,independent_stab_qN_rL,independent_stab_qN_rL_min,independent_stab_qN_rL_max,independent_stab_qN_rL_minus,independent_stab_qN_rL_plus,independent_val_sequence_q1,independent_val_sequence_q1_min,independent_val_sequence_q1_max,independent_val_sequence_q1_minus,independent_val_sequence_q1_plus,independent_val_sequence_qN,independent_val_sequence_qN_min,independent_val_sequence_qN_max,independent_val_sequence_qN_minus,independent_val_sequence_qN_plus,independent_val_q1,independent_val_q1_min,independent_val_q1_max,independent_val_q1_minus,independent_val_q1_plus,independent_val_qN,independent_val_qN_min,independent_val_qN_max,independent_val_qN_minus,independent_val_qN_plus,phrase_dpa_val_q1,phrase_dpa_val_q1_min,phrase_dpa_val_q1_max,phrase_dpa_val_q1_minus,phrase_dpa_val_q1_plus,phrase_dpa_val_qN,phrase_dpa_val_qN_min,phrase_dpa_val_qN_max,phrase_dpa_val_qN_minus,phrase_dpa_val_qN_plus,phrase_independent_val_q1,phrase_independent_val_q1_min,phrase_independent_val_q1_max,phrase_independent_val_q1_minus,phrase_independent_val_q1_plus,phrase_independent_val_qN,phrase_independent_val_qN_min,phrase_independent_val_qN_max,phrase_independent_val_qN_minus,phrase_independent_val_qN_plus,validity_gap_joint_minus_tpa_q1,validity_gap_joint_minus_tpa_q1_min,validity_gap_joint_minus_tpa_q1_max,validity_gap_joint_minus_tpa_q1_minus,validity_gap_joint_minus_tpa_q1_plus,validity_ratio_joint_over_tpa_q1,validity_ratio_joint_over_tpa_q1_min,validity_ratio_joint_over_tpa_q1_max,validity_ratio_joint_over_tpa_q1_minus,validity_ratio_joint_over_tpa_q1_plus,validity_gap_tpa_minus_plain_dpa_q1,validity_gap_tpa_minus_plain_dpa_q1_min,validity_gap_tpa_minus_plain_dpa_q1_max,validity_gap_tpa_minus_plain_dpa_q1_minus,validity_gap_tpa_minus_plain_dpa_q1_plus,validity_gap_joint_minus_plain_dpa_q1,validity_gap_joint_minus_plain_dpa_q1_min,validity_gap_joint_minus_plain_dpa_q1_max,validity_gap_joint_minus_plain_dpa_q1_minus,validity_gap_joint_minus_plain_dpa_q1_plus,row_col_stab_q1_r1_status,row_col_stab_q1_r1_is_optimal,row_col_stab_q1_rL_status,row_col_stab_q1_rL_is_optimal,row_col_stab_qN_r1_status,row_col_stab_qN_r1_is_optimal,row_col_stab_qN_rL_status,row_col_stab_qN_rL_is_optimal,row_col_val_q1_status,row_col_val_q1_is_optimal,row_col_val_qN_status,row_col_val_qN_is_optimal
20,20,20,20,4,20,5,True,4,4,5,toy,0.2,0.2,0.3,dense,,,,,,5,"0,10,20,30,40",0.057371399999999996,0.049777,0.069114,0.007594399999999994,0.011742599999999999,5.0,4.0,6.0,1.0,1.0,5.0,4.0,6.0,1.0,1.0,5.0,4.0,6.0,1.0,1.0,0.0,0.0,0.0,0.0,0.0,7.4,7.0,8.0,0.40000000000000036,0.5999999999999996,7.4,7.0,8.0,0.40000000000000036,0.5999999999999996,7.4,7.0,8.0,0.40000000000000036,0.5999999999999996,0.0,0.0,0.0,0.0,0.0,6.8,6.0,7.0,0.7999999999999998,0.20000000000000018,6.8,6.0,7.0,0.7999999999999998,0.20000000000000018,6.8,6.0,7.0,0.7999999999999998,0.20000000000000018,0.0,0.0,0.0,0.0,0.0,9.0,9.0,9.0,0.0,0.0,9.0,9.0,9.0,0.0,0.0,9.0,9.0,9.0,0.0,0.0,0.0,0.0,0.0,0.0,0.0,3.6,3.0,4.0,0.6000000000000001,0.3999999999999999,3.6,3.0,4.0,0.6000000000000001,0.3999999999999999,3.6,3.0,4.0,0.6000000000000001,0.3999999999999999,0.0,0.0,0.0,0.0,0.0,6.4,5.0,7.0,1.4000000000000004,0.5999999999999996,6.4,5.0,7.0,1.4000000000000004,0.5999999999999996,6.4,5.0,7.0,1.4000000000000004,0.5999999999999996,0.0,0.0,0.0,0.0,0.0,5.0,4.0,6.0,1.0,1.0,5.0,4.0,6.0,1.0,1.0,5.0,4.0,6.0,1.0,1.0,6.8,6.0,7.0,0.7999999999999998,0.20000000000000018,0.4,0.0,2.0,0.4,1.6,0.4,0.0,2.0,0.4,1.6,2.6,2.0,4.0,0.6000000000000001,1.4,3.6,3.0,4.0,0.6000000000000001,0.3999999999999999,6.2,5.0,7.0,1.2000000000000002,0.7999999999999998,0.4,0.0,2.0,0.4,1.6,0.4,0.0,2.0,0.4,1.6,3.6,3.0,4.0,0.6000000000000001,0.3999999999999999,6.2,5.0,7.0,1.2000000000000002,0.7999999999999998,5.0,4.0,5.75,1.0,0.75,0.4,0.0,2.0,0.4,1.6,3.6,3.0,4.0,0.6000000000000001,0.3999999999999999,6.2,5.0,7.0,1.2000000000000002,0.7999999999999998,5.0,4.0,5.75,1.0,0.75,26.0,25.0,27.0,1.0,1.0,113.2,107.0,119.0,6.200000000000003,5.799999999999997,113.2,107.0,119.0,6.200000000000003,5.799999999999997,9.0,5.0,11.0,4.0,2.0,48.8,43.0,58.0,5.799999999999997,9.200000000000003,9.0,5.0,11.0,4.0,2.0,48.8,43.0,58.0,5.799999999999997,9.200000000000003,1.8,1.0,2.0,0.8,0.19999999999999996,2.8,2.0,3.0,0.7999999999999998,0.20000000000000018,1.8,1.0,2.0,0.8,0.19999999999999996,9.0,8.0,10.0,1.0,1.0,0.0,0.0,0.0,0.0,0.0,1.0,1.0,1.0,0.0,0.0,0.0,0.0,0.0,0.0,0.0,0.0,0.0,0.0,0.0,0.0,OPTIMAL,True,OPTIMAL,True,OPTIMAL,True,OPTIMAL,True,OPTIMAL,True,OPTIMAL,True
20,20,20,20,4,20,5,True,4,6,5,toy,0.2,0.2,0.3,dense,,,,,,5,"0,10,20,30,40",0.0793808,0.070381,0.096919,0.008999800000000002,0.017538200000000004,4.2,3.0,5.0,1.2000000000000002,0.7999999999999998,4.2,3.0,5.0,1.2000000000000002,0.7999999999999998,4.2,3.0,5.0,1.2000000000000002,0.7999999999999998,0.0,0.0,0.0,0.0,0.0,8.0,8.0,8.0,0.0,0.0,8.0,8.0,8.0,0.0,0.0,8.0,8.0,8.0,0.0,0.0,0.0,0.0,0.0,0.0,0.0,6.2,6.0,7.0,0.20000000000000018,0.7999999999999998,6.2,6.0,7.0,0.20000000000000018,0.7999999999999998,6.2,6.0,7.0,0.20000000000000018,0.7999999999999998,0.0,0.0,0.0,0.0,0.0,9.2,9.0,10.0,0.1999999999999993,0.8000000000000007,9.2,9.0,10.0,0.1999999999999993,0.8000000000000007,9.2,9.0,10.0,0.1999999999999993,0.8000000000000007,0.0,0.0,0.0,0.0,0.0,4.0,4.0,4.0,0.0,0.0,4.0,4.0,4.0,0.0,0.0,4.0,4.0,4.0,0.0,0.0,0.0,0.0,0.0,0.0,0.0,6.4,5.0,7.0,1.4000000000000004,0.5999999999999996,6.4,5.0,7.0,1.4000000000000004,0.5999999999999996,6.4,5.0,7.0,1.4000000000000004,0.5999999999999996,0.0,0.0,0.0,0.0,0.0,4.2,3.0,5.0,1.2000000000000002,0.7999999999999998,4.2,3.0,5.0,1.2000000000000002,0.7999999999999998,4.2,3.0,5.0,1.2000000000000002,0.7999999999999998,6.2,6.0,7.0,0.20000000000000018,0.7999999999999998,0.0,0.0,0.0,0.0,0.0,0.0,0.0,0.0,0.0,0.0,1.6,1.0,2.0,0.6000000000000001,0.3999999999999999,4.0,4.0,4.0,0.0,0.0,6.2,5.0,7.0,1.2000000000000002,0.7999999999999998,0.0,0.0,0.0,0.0,0.0,0.0,0.0,0.0,0.0,0.0,4.0,4.0,4.0,0.0,0.0,6.2,5.0,7.0,1.2000000000000002,0.7999999999999998,5.15,4.5,5.75,0.6500000000000004,0.5999999999999996,0.0,0.0,0.0,0.0,0.0,4.0,4.0,4.0,0.0,0.0,6.2,5.0,7.0,1.2000000000000002,0.7999999999999998,5.15,4.5,5.75,0.6500000000000004,0.5999999999999996,40.2,39.0,41.0,1.2000000000000028,0.7999999999999972,172.0,171.0,173.0,1.0,1.0,172.0,171.0,173.0,1.0,1.0,13.4,12.0,15.0,1.4000000000000004,1.5999999999999996,67.2,60.0,76.0,7.200000000000003,8.799999999999997,13.4,12.0,15.0,1.4000000000000004,1.5999999999999996,67.2,60.0,76.0,7.200000000000003,8.799999999999997,1.0,1.0,1.0,0.0,0.0,1.6,1.0,2.0,0.6000000000000001,0.3999999999999999,1.0,1.0,1.0,0.0,0.0,5.2,4.0,7.0,1.2000000000000002,1.7999999999999998,0.0,0.0,0.0,0.0,0.0,1.0,1.0,1.0,0.0,0.0,0.0,0.0,0.0,0.0,0.0,0.0,0.0,0.0,0.0,0.0,OPTIMAL,True,OPTIMAL,True,OPTIMAL,True,OPTIMAL,True,OPTIMAL,True,OPTIMAL,True
20,20,20,20,4,20,5,True,4,8,5,toy,0.2,0.2,0.3,dense,,,,,,5,"0,10,20,30,40",0.1061588,0.101175,0.119386,0.0049837999999999966,0.013227200000000008,4.2,3.0,5.0,1.2000000000000002,0.7999999999999998,4.2,3.0,5.0,1.2000000000000002,0.7999999999999998,4.2,3.0,5.0,1.2000000000000002,0.7999999999999998,0.0,0.0,0.0,0.0,0.0,8.2,8.0,9.0,0.1999999999999993,0.8000000000000007,8.2,8.0,9.0,0.1999999999999993,0.8000000000000007,8.2,8.0,9.0,0.1999999999999993,0.8000000000000007,0.0,0.0,0.0,0.0,0.0,6.2,6.0,7.0,0.20000000000000018,0.7999999999999998,6.2,6.0,7.0,0.20000000000000018,0.7999999999999998,6.2,6.0,7.0,0.20000000000000018,0.7999999999999998,0.0,0.0,0.0,0.0,0.0,9.2,9.0,10.0,0.1999999999999993,0.8000000000000007,9.2,9.0,10.0,0.1999999999999993,0.8000000000000007,9.2,9.0,10.0,0.1999999999999993,0.8000000000000007,0.0,0.0,0.0,0.0,0.0,4.2,4.0,5.0,0.20000000000000018,0.7999999999999998,4.2,4.0,5.0,0.20000000000000018,0.7999999999999998,4.2,4.0,5.0,0.20000000000000018,0.7999999999999998,0.0,0.0,0.0,0.0,0.0,6.4,5.0,7.0,1.4000000000000004,0.5999999999999996,6.4,5.0,7.0,1.4000000000000004,0.5999999999999996,6.4,5.0,7.0,1.4000000000000004,0.5999999999999996,0.0,0.0,0.0,0.0,0.0,4.2,3.0,5.0,1.2000000000000002,0.7999999999999998,4.2,3.0,5.0,1.2000000000000002,0.7999999999999998,4.2,3.0,5.0,1.2000000000000002,0.7999999999999998,6.2,6.0,7.0,0.20000000000000018,0.7999999999999998,0.0,0.0,0.0,0.0,0.0,0.0,0.0,0.0,0.0,0.0,0.8,0.0,1.0,0.8,0.19999999999999996,4.0,4.0,4.0,0.0,0.0,6.4,5.0,7.0,1.4000000000000004,0.5999999999999996,0.0,0.0,0.0,0.0,0.0,0.0,0.0,0.0,0.0,0.0,4.0,4.0,4.0,0.0,0.0,6.4,5.0,7.0,1.4000000000000004,0.5999999999999996,5.35,4.5,6.0,0.8499999999999996,0.6500000000000004,0.0,0.0,0.0,0.0,0.0,4.0,4.0,4.0,0.0,0.0,6.4,5.0,7.0,1.4000000000000004,0.5999999999999996,5.35,4.5,6.0,0.8499999999999996,0.6500000000000004,53.6,52.0,55.0,1.6000000000000014,1.3999999999999986,228.0,223.0,231.0,5.0,3.0,228.0,223.0,231.0,5.0,3.0,16.4,12.0,20.0,4.399999999999999,3.6000000000000014,83.4,79.0,89.0,4.400000000000006,5.599999999999994,16.4,12.0,20.0,4.399999999999999,3.6000000000000014,83.4,79.0,89.0,4.400000000000006,5.599999999999994,1.0,1.0,1.0,0.0,0.0,1.0,1.0,1.0,0.0,0.0,1.0,1.0,1.0,0.0,0.0,4.0,4.0,4.0,0.0,0.0,0.2,0.0,1.0,0.2,0.8,1.05,1.0,1.25,0.050000000000000044,0.19999999999999996,0.0,0.0,0.0,0.0,0.0,0.2,0.0,1.0,0.2,0.8,OPTIMAL,True,OPTIMAL,True,OPTIMAL,True,OPTIMAL,True,OPTIMAL,True,OPTIMAL,True
20,20,20,20,4,20,5,True,4,10,5,toy,0.2,0.2,0.3,dense,,,,,,5,"0,10,20,30,40",0.1464896,0.129284,0.182452,0.017205599999999988,0.035962400000000005,4.2,3.0,5.0,1.2000000000000002,0.7999999999999998,4.2,3.0,5.0,1.2000000000000002,0.7999999999999998,4.2,3.0,5.0,1.2000000000000002,0.7999999999999998,0.0,0.0,0.0,0.0,0.0,8.4,8.0,9.0,0.40000000000000036,0.5999999999999996,8.4,8.0,9.0,0.40000000000000036,0.5999999999999996,8.4,8.0,9.0,0.40000000000000036,0.5999999999999996,0.0,0.0,0.0,0.0,0.0,6.0,6.0,6.0,0.0,0.0,6.0,6.0,6.0,0.0,0.0,6.0,6.0,6.0,0.0,0.0,0.0,0.0,0.0,0.0,0.0,9.2,9.0,10.0,0.1999999999999993,0.8000000000000007,9.2,9.0,10.0,0.1999999999999993,0.8000000000000007,9.2,9.0,10.0,0.1999999999999993,0.8000000000000007,0.0,0.0,0.0,0.0,0.0,4.2,4.0,5.0,0.20000000000000018,0.7999999999999998,4.2,4.0,5.0,0.20000000000000018,0.7999999999999998,4.2,4.0,5.0,0.20000000000000018,0.7999999999999998,0.0,0.0,0.0,0.0,0.0,6.6,6.0,7.0,0.5999999999999996,0.40000000000000036,6.6,6.0,7.0,0.5999999999999996,0.40000000000000036,6.6,6.0,7.0,0.5999999999999996,0.40000000000000036,0.0,0.0,0.0,0.0,0.0,4.2,3.0,5.0,1.2000000000000002,0.7999999999999998,4.2,3.0,5.0,1.2000000000000002,0.7999999999999998,4.2,3.0,5.0,1.2000000000000002,0.7999999999999998,6.0,6.0,6.0,0.0,0.0,0.0,0.0,0.0,0.0,0.0,0.0,0.0,0.0,0.0,0.0,0.6,0.0,1.0,0.6,0.4,4.2,4.0,5.0,0.20000000000000018,0.7999999999999998,6.4,5.0,7.0,1.4000000000000004,0.5999999999999996,0.0,0.0,0.0,0.0,0.0,0.0,0.0,0.0,0.0,0.0,4.2,4.0,5.0,0.20000000000000018,0.7999999999999998,6.4,5.0,7.0,1.4000000000000004,0.5999999999999996,5.45,4.75,6.25,0.7000000000000002,0.7999999999999998,0.0,0.0,0.0,0.0,0.0,4.2,4.0,5.0,0.20000000000000018,0.7999999999999998,6.4,5.0,7.0,1.4000000000000004,0.5999999999999996,5.45,4.75,6.25,0.7000000000000002,0.7999999999999998,67.8,64.0,69.0,3.799999999999997,1.2000000000000028,285.8,280.0,291.0,5.800000000000011,5.199999999999989,285.8,280.0,291.0,5.800000000000011,5.199999999999989,21.0,19.0,24.0,2.0,3.0,101.4,98.0,106.0,3.4000000000000057,4.599999999999994,21.0,19.0,24.0,2.0,3.0,101.4,98.0,106.0,3.4000000000000057,4.599999999999994,1.0,1.0,1.0,0.0,0.0,1.0,1.0,1.0,0.0,0.0,1.0,1.0,1.0,0.0,0.0,4.0,4.0,4.0,0.0,0.0,0.0,0.0,0.0,0.0,0.0,1.0,1.0,1.0,0.0,0.0,0.0,0.0,0.0,0.0,0.0,0.0,0.0,0.0,0.0,0.0,OPTIMAL,True,OPTIMAL,True,OPTIMAL,True,OPTIMAL,True,OPTIMAL,True,OPTIMAL,True
20,20,20,20,4,20,5,True,4,12,5,toy,0.2,0.2,0.3,dense,,,,,,5,"0,10,20,30,40",0.16424979999999997,0.150689,0.188406,0.013560799999999984,0.024156200000000017,4.0,3.0,5.0,1.0,1.0,4.0,3.0,5.0,1.0,1.0,4.0,3.0,5.0,1.0,1.0,0.0,0.0,0.0,0.0,0.0,8.6,8.0,9.0,0.5999999999999996,0.40000000000000036,8.6,8.0,9.0,0.5999999999999996,0.40000000000000036,8.6,8.0,9.0,0.5999999999999996,0.40000000000000036,0.0,0.0,0.0,0.0,0.0,6.0,6.0,6.0,0.0,0.0,6.0,6.0,6.0,0.0,0.0,6.0,6.0,6.0,0.0,0.0,0.0,0.0,0.0,0.0,0.0,9.4,9.0,10.0,0.40000000000000036,0.5999999999999996,9.4,9.0,10.0,0.40000000000000036,0.5999999999999996,9.4,9.0,10.0,0.40000000000000036,0.5999999999999996,0.0,0.0,0.0,0.0,0.0,4.8,4.0,5.0,0.7999999999999998,0.20000000000000018,4.8,4.0,5.0,0.7999999999999998,0.20000000000000018,4.8,4.0,5.0,0.7999999999999998,0.20000000000000018,0.0,0.0,0.0,0.0,0.0,6.8,6.0,7.0,0.7999999999999998,0.20000000000000018,6.8,6.0,7.0,0.7999999999999998,0.20000000000000018,6.8,6.0,7.0,0.7999999999999998,0.20000000000000018,0.0,0.0,0.0,0.0,0.0,4.0,3.0,5.0,1.0,1.0,4.0,3.0,5.0,1.0,1.0,4.0,3.0,5.0,1.0,1.0,6.0,6.0,6.0,0.0,0.0,0.0,0.0,0.0,0.0,0.0,0.0,0.0,0.0,0.0,0.0,0.0,0.0,0.0,0.0,0.0,4.6,4.0,5.0,0.5999999999999996,0.40000000000000036,6.6,6.0,7.0,0.5999999999999996,0.40000000000000036,0.0,0.0,0.0,0.0,0.0,0.0,0.0,0.0,0.0,0.0,4.6,4.0,5.0,0.5999999999999996,0.40000000000000036,6.6,6.0,7.0,0.5999999999999996,0.40000000000000036,5.65,5.25,6.25,0.40000000000000036,0.5999999999999996,0.0,0.0,0.0,0.0,0.0,4.6,4.0,5.0,0.5999999999999996,0.40000000000000036,6.6,6.0,7.0,0.5999999999999996,0.40000000000000036,5.65,5.25,6.25,0.40000000000000036,0.5999999999999996,82.2,79.0,86.0,3.200000000000003,3.799999999999997,342.8,337.0,355.0,5.800000000000011,12.199999999999989,342.8,337.0,355.0,5.800000000000011,12.199999999999989,26.0,23.0,28.0,3.0,2.0,124.6,116.0,132.0,8.599999999999994,7.400000000000006,26.0,23.0,28.0,3.0,2.0,124.6,116.0,132.0,8.599999999999994,7.400000000000006,1.0,1.0,1.0,0.0,0.0,1.0,1.0,1.0,0.0,0.0,1.0,1.0,1.0,0.0,0.0,4.0,4.0,4.0,0.0,0.0,0.2,0.0,1.0,0.2,0.8,1.05,1.0,1.25,0.050000000000000044,0.19999999999999996,0.0,0.0,0.0,0.0,0.0,0.2,0.0,1.0,0.2,0.8,OPTIMAL,True,OPTIMAL,True,OPTIMAL,True,OPTIMAL,True,OPTIMAL,True,OPTIMAL,True
20,20,20,20,4,20,5,True,4,14,5,toy,0.2,0.2,0.3,dense,,,,,,5,"0,10,20,30,40",0.1881906,0.179392,0.197141,0.008798600000000018,0.008950399999999997,4.0,3.0,5.0,1.0,1.0,4.0,3.0,5.0,1.0,1.0,4.0,3.0,5.0,1.0,1.0,0.0,0.0,0.0,0.0,0.0,8.6,8.0,9.0,0.5999999999999996,0.40000000000000036,8.6,8.0,9.0,0.5999999999999996,0.40000000000000036,8.6,8.0,9.0,0.5999999999999996,0.40000000000000036,0.0,0.0,0.0,0.0,0.0,6.0,6.0,6.0,0.0,0.0,6.0,6.0,6.0,0.0,0.0,6.0,6.0,6.0,0.0,0.0,0.0,0.0,0.0,0.0,0.0,9.4,9.0,10.0,0.40000000000000036,0.5999999999999996,9.4,9.0,10.0,0.40000000000000036,0.5999999999999996,9.4,9.0,10.0,0.40000000000000036,0.5999999999999996,0.0,0.0,0.0,0.0,0.0,5.0,4.0,6.0,1.0,1.0,5.0,4.0,6.0,1.0,1.0,5.0,4.0,6.0,1.0,1.0,0.0,0.0,0.0,0.0,0.0,6.8,6.0,7.0,0.7999999999999998,0.20000000000000018,6.8,6.0,7.0,0.7999999999999998,0.20000000000000018,6.8,6.0,7.0,0.7999999999999998,0.20000000000000018,0.0,0.0,0.0,0.0,0.0,4.0,3.0,5.0,1.0,1.0,4.0,3.0,5.0,1.0,1.0,4.0,3.0,5.0,1.0,1.0,6.0,6.0,6.0,0.0,0.0,0.0,0.0,0.0,0.0,0.0,0.0,0.0,0.0,0.0,0.0,0.0,0.0,0.0,0.0,0.0,5.0,4.0,6.0,1.0,1.0,6.8,6.0,7.0,0.7999999999999998,0.20000000000000018,0.0,0.0,0.0,0.0,0.0,0.0,0.0,0.0,0.0,0.0,5.0,4.0,6.0,1.0,1.0,6.8,6.0,7.0,0.7999999999999998,0.20000000000000018,5.9,5.25,6.5,0.6500000000000004,0.5999999999999996,0.0,0.0,0.0,0.0,0.0,5.0,4.0,6.0,1.0,1.0,6.8,6.0,7.0,0.7999999999999998,0.20000000000000018,5.9,5.25,6.5,0.6500000000000004,0.5999999999999996,95.6,93.0,100.0,2.5999999999999943,4.400000000000006,399.6,395.0,412.0,4.600000000000023,12.399999999999977,399.6,395.0,412.0,4.600000000000023,12.399999999999977,31.6,29.0,34.0,2.6000000000000014,2.3999999999999986,146.2,139.0,153.0,7.199999999999989,6.800000000000011,31.6,29.0,34.0,2.6000000000000014,2.3999999999999986,146.2,139.0,153.0,7.199999999999989,6.800000000000011,1.0,1.0,1.0,0.0,0.0,1.0,1.0,1.0,0.0,0.0,1.0,1.0,1.0,0.0,0.0,4.0,4.0,4.0,0.0,0.0,0.0,0.0,0.0,0.0,0.0,1.0,1.0,1.0,0.0,0.0,0.0,0.0,0.0,0.0,0.0,0.0,0.0,0.0,0.0,0.0,OPTIMAL,True,OPTIMAL,True,OPTIMAL,True,OPTIMAL,True,OPTIMAL,True,OPTIMAL,True
20,20,20,20,4,20,5,True,4,16,5,toy,0.2,0.2,0.3,dense,,,,,,5,"0,10,20,30,40",0.20636000000000002,0.19776,0.217273,0.008600000000000024,0.010912999999999978,3.6,3.0,5.0,0.6000000000000001,1.4,3.6,3.0,5.0,0.6000000000000001,1.4,3.6,3.0,5.0,0.6000000000000001,1.4,0.0,0.0,0.0,0.0,0.0,8.6,8.0,9.0,0.5999999999999996,0.40000000000000036,8.6,8.0,9.0,0.5999999999999996,0.40000000000000036,8.6,8.0,9.0,0.5999999999999996,0.40000000000000036,0.0,0.0,0.0,0.0,0.0,5.4,5.0,6.0,0.40000000000000036,0.5999999999999996,5.4,5.0,6.0,0.40000000000000036,0.5999999999999996,5.4,5.0,6.0,0.40000000000000036,0.5999999999999996,0.0,0.0,0.0,0.0,0.0,9.4,9.0,10.0,0.40000000000000036,0.5999999999999996,9.4,9.0,10.0,0.40000000000000036,0.5999999999999996,9.4,9.0,10.0,0.40000000000000036,0.5999999999999996,0.0,0.0,0.0,0.0,0.0,5.4,5.0,6.0,0.40000000000000036,0.5999999999999996,5.4,5.0,6.0,0.40000000000000036,0.5999999999999996,5.4,5.0,6.0,0.40000000000000036,0.5999999999999996,0.0,0.0,0.0,0.0,0.0,7.2,7.0,8.0,0.20000000000000018,0.7999999999999998,7.2,7.0,8.0,0.20000000000000018,0.7999999999999998,7.2,7.0,8.0,0.20000000000000018,0.7999999999999998,0.0,0.0,0.0,0.0,0.0,3.6,3.0,5.0,0.6000000000000001,1.4,3.6,3.0,5.0,0.6000000000000001,1.4,3.6,3.0,5.0,0.6000000000000001,1.4,5.4,5.0,6.0,0.40000000000000036,0.5999999999999996,0.0,0.0,0.0,0.0,0.0,0.0,0.0,0.0,0.0,0.0,0.0,0.0,0.0,0.0,0.0,5.0,4.0,6.0,1.0,1.0,6.8,6.0,7.0,0.7999999999999998,0.20000000000000018,0.0,0.0,0.0,0.0,0.0,0.0,0.0,0.0,0.0,0.0,5.0,4.0,6.0,1.0,1.0,6.8,6.0,7.0,0.7999999999999998,0.20000000000000018,5.95,5.25,6.75,0.7000000000000002,0.7999999999999998,0.0,0.0,0.0,0.0,0.0,5.0,4.0,6.0,1.0,1.0,6.8,6.0,7.0,0.7999999999999998,0.20000000000000018,5.95,5.25,6.75,0.7000000000000002,0.7999999999999998,109.6,107.0,113.0,2.5999999999999943,3.4000000000000057,453.6,450.0,467.0,3.6000000000000227,13.399999999999977,453.6,450.0,467.0,3.6000000000000227,13.399999999999977,36.4,32.0,40.0,4.399999999999999,3.6000000000000014,166.8,157.0,183.0,9.800000000000011,16.19999999999999,36.4,32.0,40.0,4.399999999999999,3.6000000000000014,166.8,157.0,183.0,9.800000000000011,16.19999999999999,1.0,1.0,1.0,0.0,0.0,1.0,1.0,1.0,0.0,0.0,1.0,1.0,1.0,0.0,0.0,4.0,4.0,4.0,0.0,0.0,0.4,0.0,1.0,0.4,0.6,1.09,1.0,1.25,0.09000000000000008,0.15999999999999992,0.0,0.0,0.0,0.0,0.0,0.4,0.0,1.0,0.4,0.6,OPTIMAL,True,OPTIMAL,True,OPTIMAL,True,OPTIMAL,True,OPTIMAL,True,OPTIMAL,True
20,20,20,20,4,20,5,True,4,18,5,toy,0.2,0.2,0.3,dense,,,,,,5,"0,10,20,30,40",0.2533054,0.225213,0.294456,0.028092400000000017,0.04115059999999998,3.6,3.0,5.0,0.6000000000000001,1.4,3.6,3.0,5.0,0.6000000000000001,1.4,3.6,3.0,5.0,0.6000000000000001,1.4,0.0,0.0,0.0,0.0,0.0,9.0,9.0,9.0,0.0,0.0,9.0,9.0,9.0,0.0,0.0,9.0,9.0,9.0,0.0,0.0,0.0,0.0,0.0,0.0,0.0,5.2,5.0,6.0,0.20000000000000018,0.7999999999999998,5.2,5.0,6.0,0.20000000000000018,0.7999999999999998,5.2,5.0,6.0,0.20000000000000018,0.7999999999999998,0.0,0.0,0.0,0.0,0.0,9.4,9.0,10.0,0.40000000000000036,0.5999999999999996,9.4,9.0,10.0,0.40000000000000036,0.5999999999999996,9.4,9.0,10.0,0.40000000000000036,0.5999999999999996,0.0,0.0,0.0,0.0,0.0,5.6,5.0,6.0,0.5999999999999996,0.40000000000000036,5.6,5.0,6.0,0.5999999999999996,0.40000000000000036,5.6,5.0,6.0,0.5999999999999996,0.40000000000000036,0.0,0.0,0.0,0.0,0.0,7.2,7.0,8.0,0.20000000000000018,0.7999999999999998,7.2,7.0,8.0,0.20000000000000018,0.7999999999999998,7.2,7.0,8.0,0.20000000000000018,0.7999999999999998,0.0,0.0,0.0,0.0,0.0,3.6,3.0,5.0,0.6000000000000001,1.4,3.6,3.0,5.0,0.6000000000000001,1.4,3.6,3.0,5.0,0.6000000000000001,1.4,5.2,5.0,6.0,0.20000000000000018,0.7999999999999998,0.0,0.0,0.0,0.0,0.0,0.0,0.0,0.0,0.0,0.0,0.0,0.0,0.0,0.0,0.0,5.0,4.0,6.0,1.0,1.0,6.8,6.0,7.0,0.7999999999999998,0.20000000000000018,0.0,0.0,0.0,0.0,0.0,0.0,0.0,0.0,0.0,0.0,5.0,4.0,6.0,1.0,1.0,6.8,6.0,7.0,0.7999999999999998,0.20000000000000018,5.95,5.25,6.75,0.7000000000000002,0.7999999999999998,0.0,0.0,0.0,0.0,0.0,5.0,4.0,6.0,1.0,1.0,6.8,6.0,7.0,0.7999999999999998,0.20000000000000018,5.95,5.25,6.75,0.7000000000000002,0.7999999999999998,124.0,121.0,127.0,3.0,3.0,510.0,503.0,526.0,7.0,16.0,510.0,503.0,526.0,7.0,16.0,42.2,36.0,47.0,6.200000000000003,4.799999999999997,188.6,171.0,212.0,17.599999999999994,23.400000000000006,42.2,36.0,47.0,6.200000000000003,4.799999999999997,188.6,171.0,212.0,17.599999999999994,23.400000000000006,1.0,1.0,1.0,0.0,0.0,1.0,1.0,1.0,0.0,0.0,1.0,1.0,1.0,0.0,0.0,4.0,4.0,4.0,0.0,0.0,0.6,0.0,1.0,0.6,0.4,1.1300000000000001,1.0,1.25,0.13000000000000012,0.11999999999999988,0.0,0.0,0.0,0.0,0.0,0.6,0.0,1.0,0.6,0.4,OPTIMAL,True,OPTIMAL,True,OPTIMAL,True,OPTIMAL,True,OPTIMAL,True,OPTIMAL,True
20,20,20,20,4,20,5,True,4,20,5,toy,0.2,0.2,0.3,dense,,,,,,5,"0,10,20,30,40",0.3006266,0.271466,0.342681,0.029160600000000036,0.04205439999999999,3.6,3.0,5.0,0.6000000000000001,1.4,3.6,3.0,5.0,0.6000000000000001,1.4,3.6,3.0,5.0,0.6000000000000001,1.4,0.0,0.0,0.0,0.0,0.0,9.0,9.0,9.0,0.0,0.0,9.0,9.0,9.0,0.0,0.0,9.0,9.0,9.0,0.0,0.0,0.0,0.0,0.0,0.0,0.0,5.2,5.0,6.0,0.20000000000000018,0.7999999999999998,5.2,5.0,6.0,0.20000000000000018,0.7999999999999998,5.2,5.0,6.0,0.20000000000000018,0.7999999999999998,0.0,0.0,0.0,0.0,0.0,9.4,9.0,10.0,0.40000000000000036,0.5999999999999996,9.4,9.0,10.0,0.40000000000000036,0.5999999999999996,9.4,9.0,10.0,0.40000000000000036,0.5999999999999996,0.0,0.0,0.0,0.0,0.0,5.6,5.0,6.0,0.5999999999999996,0.40000000000000036,5.6,5.0,6.0,0.5999999999999996,0.40000000000000036,5.6,5.0,6.0,0.5999999999999996,0.40000000000000036,0.0,0.0,0.0,0.0,0.0,7.4,7.0,8.0,0.40000000000000036,0.5999999999999996,7.4,7.0,8.0,0.40000000000000036,0.5999999999999996,7.4,7.0,8.0,0.40000000000000036,0.5999999999999996,0.0,0.0,0.0,0.0,0.0,3.6,3.0,5.0,0.6000000000000001,1.4,3.6,3.0,5.0,0.6000000000000001,1.4,3.6,3.0,5.0,0.6000000000000001,1.4,5.2,5.0,6.0,0.20000000000000018,0.7999999999999998,0.0,0.0,0.0,0.0,0.0,0.0,0.0,0.0,0.0,0.0,0.0,0.0,0.0,0.0,0.0,5.2,4.0,6.0,1.2000000000000002,0.7999999999999998,6.8,6.0,7.0,0.7999999999999998,0.20000000000000018,0.0,0.0,0.0,0.0,0.0,0.0,0.0,0.0,0.0,0.0,5.2,4.0,6.0,1.2000000000000002,0.7999999999999998,6.8,6.0,7.0,0.7999999999999998,0.20000000000000018,6.05,5.25,6.75,0.7999999999999998,0.7000000000000002,0.0,0.0,0.0,0.0,0.0,5.2,4.0,6.0,1.2000000000000002,0.7999999999999998,6.8,6.0,7.0,0.7999999999999998,0.20000000000000018,6.05,5.25,6.75,0.7999999999999998,0.7000000000000002,138.0,135.0,142.0,3.0,4.0,567.2,560.0,582.0,7.2000000000000455,14.799999999999955,567.2,560.0,582.0,7.2000000000000455,14.799999999999955,45.2,37.0,51.0,8.200000000000003,5.799999999999997,207.8,182.0,226.0,25.80000000000001,18.19999999999999,45.2,37.0,51.0,8.200000000000003,5.799999999999997,207.8,182.0,226.0,25.80000000000001,18.19999999999999,1.0,1.0,1.0,0.0,0.0,1.0,1.0,1.0,0.0,0.0,1.0,1.0,1.0,0.0,0.0,4.0,4.0,4.0,0.0,0.0,0.4,0.0,1.0,0.4,0.6,1.09,1.0,1.25,0.09000000000000008,0.15999999999999992,0.0,0.0,0.0,0.0,0.0,0.4,0.0,1.0,0.4,0.6,OPTIMAL,True,OPTIMAL,True,OPTIMAL,True,OPTIMAL,True,OPTIMAL,True,OPTIMAL,True
