K,N,L,T,generator,delta_stab,delta_val,target_bias,seed,influence_mode,stability_competitor_mode,runtime_gurobi_total,row_stability,row_stability_status,row_stability_is_optimal,row_stability_lower_bound,row_stability_upper_bound,row_stability_mip_gap,column_stability,column_stability_status,column_stability_is_optimal,column_stability_lower_bound,column_stability_upper_bound,column_stability_mip_gap,row_col_stab_q1_r1,row_col_stab_q1_r1_status,row_col_stab_q1_r1_is_optimal,row_col_stab_q1_r1_lower_bound,row_col_stab_q1_r1_upper_bound,row_col_stab_q1_r1_mip_gap,row_col_stab_q1_rL,row_col_stab_q1_rL_status,row_col_stab_q1_rL_is_optimal,row_col_stab_q1_rL_lower_bound,row_col_stab_q1_rL_upper_bound,row_col_stab_q1_rL_mip_gap,row_validity,row_validity_status,row_validity_is_optimal,row_validity_lower_bound,row_validity_upper_bound,row_validity_mip_gap,column_validity_full_column,column_validity_full_column_status,column_validity_full_column_is_optimal,column_validity_full_column_lower_bound,column_validity_full_column_upper_bound,column_validity_full_column_mip_gap,row_col_val_q1,row_col_val_q1_status,row_col_val_q1_is_optimal,row_col_val_q1_lower_bound,row_col_val_q1_upper_bound,row_col_val_q1_mip_gap,row_col_stab_qN_r1,row_col_stab_qN_r1_status,row_col_stab_qN_r1_is_optimal,row_col_stab_qN_r1_lower_bound,row_col_stab_qN_r1_upper_bound,row_col_stab_qN_r1_mip_gap,row_col_stab_qN_rL,row_col_stab_qN_rL_status,row_col_stab_qN_rL_is_optimal,row_col_stab_qN_rL_lower_bound,row_col_stab_qN_rL_upper_bound,row_col_stab_qN_rL_mip_gap,row_col_val_qN,row_col_val_qN_status,row_col_val_qN_is_optimal,row_col_val_qN_lower_bound,row_col_val_qN_upper_bound,row_col_val_qN_mip_gap,raw_dpa_stab_min_cell,dpa_stab_cell_min,dpa_stab_row_radius_q1,dpa_stab_row_radius_qN,dpa_val_cell_min,dpa_val_row_weak_q1,dpa_val_row_weak_qN,raw_dpa_val_min_cell,tpa_val_cell_min,tpa_val_sequence_q1,tpa_val_sequence_qN,tpa_val_sequence_mean,independent_stab_full_row_q1,independent_stab_full_row_qN,independent_stab_qN_rL,independent_val_sequence_q1,independent_val_sequence_qN,independent_val_q1,independent_val_qN,phrase_dpa_val_q1,phrase_dpa_val_qN,phrase_independent_val_q1,phrase_independent_val_qN,validity_gap_joint_minus_tpa_q1,validity_ratio_joint_over_tpa_q1,validity_gap_row_minus_tpa_q1,validity_ratio_row_over_tpa_q1,validity_gap_tpa_minus_dpa_weak_q1,validity_gap_joint_minus_dpa_weak_q1
6,1,2,4,toy,0.2,0.2,0.3,0,dense,all,0.009379,2,OPTIMAL,True,2.0,2.0,0.0,2,OPTIMAL,True,2.0,2.0,0.0,2,OPTIMAL,True,2.0,2.0,0.0,2,OPTIMAL,True,2.0,2.0,0.0,2,OPTIMAL,True,2.0,2.0,0.0,2,OPTIMAL,True,2.0,2.0,0.0,2,OPTIMAL,True,2.0,2.0,0.0,2,OPTIMAL,True,2.0,2.0,0.0,2,OPTIMAL,True,2.0,2.0,0.0,2,OPTIMAL,True,2.0,2.0,0.0,2,2,2,2,2,2,2,2,2,2,2,2.0,4,4,4,4,4,4,4,2,2,2,2,0.0,1.0,0.0,1.0,0.0,0.0
6,1,4,4,toy,0.2,0.2,0.3,0,dense,all,0.012675,1,OPTIMAL,True,1.0,1.0,0.0,1,OPTIMAL,True,1.0,1.0,0.0,1,OPTIMAL,True,1.0,1.0,0.0,2,OPTIMAL,True,2.0,2.0,0.0,3,OPTIMAL,True,3.0,3.0,0.0,0,OPTIMAL,True,0.0,0.0,0.0,3,OPTIMAL,True,3.0,3.0,0.0,1,OPTIMAL,True,1.0,1.0,0.0,2,OPTIMAL,True,2.0,2.0,0.0,3,OPTIMAL,True,3.0,3.0,0.0,1,1,1,1,0,0,0,0,0,3,3,3.0,7,7,7,4,4,4,4,2,2,2,2,0.0,1.0,0.0,1.0,3.0,3.0
6,1,6,4,toy,0.2,0.2,0.3,0,dense,all,0.019807,2,OPTIMAL,True,2.0,2.0,0.0,2,OPTIMAL,True,2.0,2.0,0.0,2,OPTIMAL,True,2.0,2.0,0.0,3,OPTIMAL,True,3.0,3.0,0.0,2,OPTIMAL,True,2.0,2.0,0.0,0,OPTIMAL,True,0.0,0.0,0.0,2,OPTIMAL,True,2.0,2.0,0.0,2,OPTIMAL,True,2.0,2.0,0.0,3,OPTIMAL,True,3.0,3.0,0.0,2,OPTIMAL,True,2.0,2.0,0.0,2,2,2,2,0,0,0,0,0,2,2,2.0,14,14,14,7,7,7,7,1,1,1,1,0.0,1.0,0.0,1.0,2.0,2.0
6,2,2,4,toy,0.2,0.2,0.3,0,dense,all,0.014808,1,OPTIMAL,True,1.0,1.0,0.0,1,OPTIMAL,True,1.0,1.0,0.0,1,OPTIMAL,True,1.0,1.0,0.0,2,OPTIMAL,True,2.0,2.0,0.0,0,OPTIMAL,True,0.0,0.0,0.0,1,OPTIMAL,True,1.0,1.0,0.0,0,OPTIMAL,True,0.0,0.0,0.0,2,OPTIMAL,True,2.0,2.0,0.0,2,OPTIMAL,True,2.0,2.0,0.0,3,OPTIMAL,True,3.0,3.0,0.0,1,1,1,2,0,0,1,0,0,0,3,1.5,3,7,7,0,4,0,4,0,2,0,2,0.0,,0.0,,0.0,0.0
6,2,4,4,toy,0.2,0.2,0.3,0,dense,all,0.020872,1,OPTIMAL,True,1.0,1.0,0.0,1,OPTIMAL,True,1.0,1.0,0.0,1,OPTIMAL,True,1.0,1.0,0.0,2,OPTIMAL,True,2.0,2.0,0.0,2,OPTIMAL,True,2.0,2.0,0.0,1,OPTIMAL,True,1.0,1.0,0.0,2,OPTIMAL,True,2.0,2.0,0.0,2,OPTIMAL,True,2.0,2.0,0.0,3,OPTIMAL,True,3.0,3.0,0.0,3,OPTIMAL,True,3.0,3.0,0.0,1,1,1,2,0,0,1,0,0,2,3,2.5,7,16,16,5,11,5,11,1,1,1,2,0.0,1.0,0.0,1.0,2.0,2.0
6,2,6,4,toy,0.2,0.2,0.3,0,dense,all,0.031872,2,OPTIMAL,True,2.0,2.0,0.0,2,OPTIMAL,True,2.0,2.0,0.0,2,OPTIMAL,True,2.0,2.0,0.0,2,OPTIMAL,True,2.0,2.0,0.0,3,OPTIMAL,True,3.0,3.0,0.0,1,OPTIMAL,True,1.0,1.0,0.0,3,OPTIMAL,True,3.0,3.0,0.0,2,OPTIMAL,True,2.0,2.0,0.0,3,OPTIMAL,True,3.0,3.0,0.0,3,OPTIMAL,True,3.0,3.0,0.0,2,2,2,2,0,0,0,0,0,3,3,3.0,12,26,26,5,12,5,12,1,1,1,2,0.0,1.0,0.0,1.0,3.0,3.0
6,3,2,4,toy,0.2,0.2,0.3,0,dense,all,0.021781,2,OPTIMAL,True,2.0,2.0,0.0,2,OPTIMAL,True,2.0,2.0,0.0,2,OPTIMAL,True,2.0,2.0,0.0,2,OPTIMAL,True,2.0,2.0,0.0,2,OPTIMAL,True,2.0,2.0,0.0,2,OPTIMAL,True,2.0,2.0,0.0,2,OPTIMAL,True,2.0,2.0,0.0,3,OPTIMAL,True,3.0,3.0,0.0,3,OPTIMAL,True,3.0,3.0,0.0,2,OPTIMAL,True,2.0,2.0,0.0,2,2,2,3,0,0,1,0,0,2,2,2.0,4,14,14,2,7,2,7,1,2,1,5,0.0,1.0,0.0,1.0,2.0,2.0
6,3,4,4,toy,0.2,0.2,0.3,0,dense,all,0.032393,2,OPTIMAL,True,2.0,2.0,0.0,2,OPTIMAL,True,2.0,2.0,0.0,2,OPTIMAL,True,2.0,2.0,0.0,2,OPTIMAL,True,2.0,2.0,0.0,2,OPTIMAL,True,2.0,2.0,0.0,1,OPTIMAL,True,1.0,1.0,0.0,2,OPTIMAL,True,2.0,2.0,0.0,2,OPTIMAL,True,2.0,2.0,0.0,3,OPTIMAL,True,3.0,3.0,0.0,3,OPTIMAL,True,3.0,3.0,0.0,2,2,2,2,0,0,0,0,0,2,3,2.6666666666666665,8,26,26,3,12,3,12,1,1,1,3,0.0,1.0,0.0,1.0,2.0,2.0
6,3,6,4,toy,0.2,0.2,0.3,0,dense,all,0.041186,0,OPTIMAL,True,0.0,0.0,0.0,0,OPTIMAL,True,0.0,0.0,0.0,0,OPTIMAL,True,0.0,0.0,0.0,3,OPTIMAL,True,3.0,3.0,0.0,2,OPTIMAL,True,2.0,2.0,0.0,2,OPTIMAL,True,2.0,2.0,0.0,2,OPTIMAL,True,2.0,2.0,0.0,1,OPTIMAL,True,1.0,1.0,0.0,3,OPTIMAL,True,3.0,3.0,0.0,3,OPTIMAL,True,3.0,3.0,0.0,0,0,0,1,0,0,1,0,0,2,3,2.6666666666666665,13,39,39,4,24,4,24,1,1,1,3,0.0,1.0,0.0,1.0,2.0,2.0
8,1,2,4,toy,0.2,0.2,0.3,0,dense,all,0.013592,3,OPTIMAL,True,3.0,3.0,0.0,3,OPTIMAL,True,3.0,3.0,0.0,3,OPTIMAL,True,3.0,3.0,0.0,3,OPTIMAL,True,3.0,3.0,0.0,3,OPTIMAL,True,3.0,3.0,0.0,1,OPTIMAL,True,1.0,1.0,0.0,3,OPTIMAL,True,3.0,3.0,0.0,3,OPTIMAL,True,3.0,3.0,0.0,3,OPTIMAL,True,3.0,3.0,0.0,3,OPTIMAL,True,3.0,3.0,0.0,3,3,3,3,1,1,1,1,1,3,3,3.0,6,6,6,4,4,4,4,2,2,2,2,0.0,1.0,0.0,1.0,2.0,2.0
8,1,4,4,toy,0.2,0.2,0.3,0,dense,all,0.027402,2,OPTIMAL,True,2.0,2.0,0.0,2,OPTIMAL,True,2.0,2.0,0.0,2,OPTIMAL,True,2.0,2.0,0.0,3,OPTIMAL,True,3.0,3.0,0.0,2,OPTIMAL,True,2.0,2.0,0.0,0,OPTIMAL,True,0.0,0.0,0.0,2,OPTIMAL,True,2.0,2.0,0.0,2,OPTIMAL,True,2.0,2.0,0.0,3,OPTIMAL,True,3.0,3.0,0.0,2,OPTIMAL,True,2.0,2.0,0.0,2,2,2,2,0,0,0,0,0,2,2,2.0,11,11,11,3,3,3,3,1,1,1,1,0.0,1.0,0.0,1.0,2.0,2.0
8,1,6,4,toy,0.2,0.2,0.3,0,dense,all,0.030167,2,OPTIMAL,True,2.0,2.0,0.0,2,OPTIMAL,True,2.0,2.0,0.0,2,OPTIMAL,True,2.0,2.0,0.0,4,OPTIMAL,True,4.0,4.0,0.0,2,OPTIMAL,True,2.0,2.0,0.0,0,OPTIMAL,True,0.0,0.0,0.0,2,OPTIMAL,True,2.0,2.0,0.0,2,OPTIMAL,True,2.0,2.0,0.0,4,OPTIMAL,True,4.0,4.0,0.0,2,OPTIMAL,True,2.0,2.0,0.0,2,2,2,2,0,0,0,0,0,2,2,2.0,18,18,18,9,9,9,9,1,1,1,1,0.0,1.0,0.0,1.0,2.0,2.0
8,2,2,4,toy,0.2,0.2,0.3,0,dense,all,0.031280,2,OPTIMAL,True,2.0,2.0,0.0,2,OPTIMAL,True,2.0,2.0,0.0,2,OPTIMAL,True,2.0,2.0,0.0,3,OPTIMAL,True,3.0,3.0,0.0,0,OPTIMAL,True,0.0,0.0,0.0,1,OPTIMAL,True,1.0,1.0,0.0,0,OPTIMAL,True,0.0,0.0,0.0,3,OPTIMAL,True,3.0,3.0,0.0,3,OPTIMAL,True,3.0,3.0,0.0,2,OPTIMAL,True,2.0,2.0,0.0,2,2,2,3,0,0,1,0,0,0,2,1.0,5,11,11,0,3,0,3,1,2,1,3,0.0,,0.0,,0.0,0.0
8,2,4,4,toy,0.2,0.2,0.3,0,dense,all,0.038735,2,OPTIMAL,True,2.0,2.0,0.0,2,OPTIMAL,True,2.0,2.0,0.0,2,OPTIMAL,True,2.0,2.0,0.0,3,OPTIMAL,True,3.0,3.0,0.0,2,OPTIMAL,True,2.0,2.0,0.0,1,OPTIMAL,True,1.0,1.0,0.0,2,OPTIMAL,True,2.0,2.0,0.0,3,OPTIMAL,True,3.0,3.0,0.0,4,OPTIMAL,True,4.0,4.0,0.0,4,OPTIMAL,True,4.0,4.0,0.0,2,2,2,3,0,0,1,0,0,2,4,3.0,11,24,24,4,12,4,12,1,2,1,3,0.0,1.0,0.0,1.0,2.0,2.0
8,2,6,4,toy,0.2,0.2,0.3,0,dense,all,0.044910,2,OPTIMAL,True,2.0,2.0,0.0,2,OPTIMAL,True,2.0,2.0,0.0,2,OPTIMAL,True,2.0,2.0,0.0,3,OPTIMAL,True,3.0,3.0,0.0,2,OPTIMAL,True,2.0,2.0,0.0,1,OPTIMAL,True,1.0,1.0,0.0,2,OPTIMAL,True,2.0,2.0,0.0,3,OPTIMAL,True,3.0,3.0,0.0,4,OPTIMAL,True,4.0,4.0,0.0,4,OPTIMAL,True,4.0,4.0,0.0,2,2,2,3,0,0,0,0,0,2,4,3.0,18,36,36,7,16,7,16,1,1,1,2,0.0,1.0,0.0,1.0,2.0,2.0
8,3,2,4,toy,0.2,0.2,0.3,0,dense,all,0.028618,2,OPTIMAL,True,2.0,2.0,0.0,2,OPTIMAL,True,2.0,2.0,0.0,2,OPTIMAL,True,2.0,2.0,0.0,3,OPTIMAL,True,3.0,3.0,0.0,2,OPTIMAL,True,2.0,2.0,0.0,2,OPTIMAL,True,2.0,2.0,0.0,2,OPTIMAL,True,2.0,2.0,0.0,3,OPTIMAL,True,3.0,3.0,0.0,4,OPTIMAL,True,4.0,4.0,0.0,2,OPTIMAL,True,2.0,2.0,0.0,2,2,2,3,0,0,2,0,0,2,2,2.0,5,18,18,2,9,2,9,1,2,1,4,0.0,1.0,0.0,1.0,2.0,2.0
8,3,4,4,toy,0.2,0.2,0.3,0,dense,all,0.045310,2,OPTIMAL,True,2.0,2.0,0.0,2,OPTIMAL,True,2.0,2.0,0.0,2,OPTIMAL,True,2.0,2.0,0.0,3,OPTIMAL,True,3.0,3.0,0.0,2,OPTIMAL,True,2.0,2.0,0.0,1,OPTIMAL,True,1.0,1.0,0.0,2,OPTIMAL,True,2.0,2.0,0.0,3,OPTIMAL,True,3.0,3.0,0.0,4,OPTIMAL,True,4.0,4.0,0.0,4,OPTIMAL,True,4.0,4.0,0.0,2,2,2,3,0,0,1,0,0,2,4,2.6666666666666665,12,36,36,4,16,4,16,1,2,1,4,0.0,1.0,0.0,1.0,2.0,2.0
8,3,6,4,toy,0.2,0.2,0.3,0,dense,all,0.048549,0,OPTIMAL,True,0.0,0.0,0.0,0,OPTIMAL,True,0.0,0.0,0.0,0,OPTIMAL,True,0.0,0.0,0.0,3,OPTIMAL,True,3.0,3.0,0.0,2,OPTIMAL,True,2.0,2.0,0.0,2,OPTIMAL,True,2.0,2.0,0.0,2,OPTIMAL,True,2.0,2.0,0.0,1,OPTIMAL,True,1.0,1.0,0.0,4,OPTIMAL,True,4.0,4.0,0.0,4,OPTIMAL,True,4.0,4.0,0.0,0,0,0,1,0,0,0,0,0,2,4,2.6666666666666665,15,48,48,4,24,4,24,1,1,1,3,0.0,1.0,0.0,1.0,2.0,2.0
10,1,2,4,toy,0.2,0.2,0.3,0,dense,all,0.008719,3,OPTIMAL,True,3.0,3.0,0.0,3,OPTIMAL,True,3.0,3.0,0.0,3,OPTIMAL,True,3.0,3.0,0.0,4,OPTIMAL,True,4.0,4.0,0.0,1,OPTIMAL,True,1.0,1.0,0.0,1,OPTIMAL,True,1.0,1.0,0.0,1,OPTIMAL,True,1.0,1.0,0.0,3,OPTIMAL,True,3.0,3.0,0.0,4,OPTIMAL,True,4.0,4.0,0.0,1,OPTIMAL,True,1.0,1.0,0.0,3,3,3,3,1,1,1,1,1,1,1,1.0,7,7,7,2,2,2,2,1,1,1,1,0.0,1.0,0.0,1.0,0.0,0.0
10,1,4,4,toy,0.2,0.2,0.3,0,dense,all,0.027747,3,OPTIMAL,True,3.0,3.0,0.0,3,OPTIMAL,True,3.0,3.0,0.0,3,OPTIMAL,True,3.0,3.0,0.0,4,OPTIMAL,True,4.0,4.0,0.0,2,OPTIMAL,True,2.0,2.0,0.0,0,OPTIMAL,True,0.0,0.0,0.0,2,OPTIMAL,True,2.0,2.0,0.0,3,OPTIMAL,True,3.0,3.0,0.0,4,OPTIMAL,True,4.0,4.0,0.0,2,OPTIMAL,True,2.0,2.0,0.0,3,3,3,3,0,0,0,0,0,2,2,2.0,14,14,14,4,4,4,4,1,1,1,1,0.0,1.0,0.0,1.0,2.0,2.0
10,1,6,4,toy,0.2,0.2,0.3,0,dense,all,0.034403,3,OPTIMAL,True,3.0,3.0,0.0,3,OPTIMAL,True,3.0,3.0,0.0,3,OPTIMAL,True,3.0,3.0,0.0,5,OPTIMAL,True,5.0,5.0,0.0,3,OPTIMAL,True,3.0,3.0,0.0,0,OPTIMAL,True,0.0,0.0,0.0,3,OPTIMAL,True,3.0,3.0,0.0,3,OPTIMAL,True,3.0,3.0,0.0,5,OPTIMAL,True,5.0,5.0,0.0,3,OPTIMAL,True,3.0,3.0,0.0,3,3,3,3,0,0,0,0,0,2,2,2.0,24,24,24,8,8,8,8,1,1,1,1,1.0,1.5,1.0,1.5,2.0,3.0
10,2,2,4,toy,0.2,0.2,0.3,0,dense,all,0.026793,3,OPTIMAL,True,3.0,3.0,0.0,3,OPTIMAL,True,3.0,3.0,0.0,3,OPTIMAL,True,3.0,3.0,0.0,3,OPTIMAL,True,3.0,3.0,0.0,0,OPTIMAL,True,0.0,0.0,0.0,2,OPTIMAL,True,2.0,2.0,0.0,0,OPTIMAL,True,0.0,0.0,0.0,4,OPTIMAL,True,4.0,4.0,0.0,4,OPTIMAL,True,4.0,4.0,0.0,2,OPTIMAL,True,2.0,2.0,0.0,3,3,3,4,0,0,2,0,0,0,2,1.0,6,14,14,0,4,0,4,1,2,1,3,0.0,,0.0,,0.0,0.0
10,2,4,4,toy,0.2,0.2,0.3,0,dense,all,0.043312,3,OPTIMAL,True,3.0,3.0,0.0,3,OPTIMAL,True,3.0,3.0,0.0,3,OPTIMAL,True,3.0,3.0,0.0,4,OPTIMAL,True,4.0,4.0,0.0,3,OPTIMAL,True,3.0,3.0,0.0,2,OPTIMAL,True,2.0,2.0,0.0,3,OPTIMAL,True,3.0,3.0,0.0,4,OPTIMAL,True,4.0,4.0,0.0,5,OPTIMAL,True,5.0,5.0,0.0,5,OPTIMAL,True,5.0,5.0,0.0,3,3,3,4,0,0,1,0,0,3,5,4.0,14,31,31,7,17,7,17,1,2,1,3,0.0,1.0,0.0,1.0,3.0,3.0
10,2,6,4,toy,0.2,0.2,0.3,0,dense,all,0.033779,2,OPTIMAL,True,2.0,2.0,0.0,2,OPTIMAL,True,2.0,2.0,0.0,2,OPTIMAL,True,2.0,2.0,0.0,4,OPTIMAL,True,4.0,4.0,0.0,4,OPTIMAL,True,4.0,4.0,0.0,0,OPTIMAL,True,0.0,0.0,0.0,4,OPTIMAL,True,4.0,4.0,0.0,3,OPTIMAL,True,3.0,3.0,0.0,5,OPTIMAL,True,5.0,5.0,0.0,4,OPTIMAL,True,4.0,4.0,0.0,2,2,2,3,0,0,0,0,0,4,4,4.0,22,44,44,9,19,9,19,1,1,1,2,0.0,1.0,0.0,1.0,4.0,4.0
10,3,2,4,toy,0.2,0.2,0.3,0,dense,all,0.022439,3,OPTIMAL,True,3.0,3.0,0.0,3,OPTIMAL,True,3.0,3.0,0.0,3,OPTIMAL,True,3.0,3.0,0.0,4,OPTIMAL,True,4.0,4.0,0.0,2,OPTIMAL,True,2.0,2.0,0.0,2,OPTIMAL,True,2.0,2.0,0.0,2,OPTIMAL,True,2.0,2.0,0.0,4,OPTIMAL,True,4.0,4.0,0.0,5,OPTIMAL,True,5.0,5.0,0.0,3,OPTIMAL,True,3.0,3.0,0.0,3,3,3,4,0,0,1,0,0,2,2,2.0,7,24,24,2,8,2,8,2,2,2,6,0.0,1.0,0.0,1.0,2.0,2.0
10,3,4,4,toy,0.2,0.2,0.3,0,dense,all,0.045022,2,OPTIMAL,True,2.0,2.0,0.0,2,OPTIMAL,True,2.0,2.0,0.0,2,OPTIMAL,True,2.0,2.0,0.0,4,OPTIMAL,True,4.0,4.0,0.0,4,OPTIMAL,True,4.0,4.0,0.0,1,OPTIMAL,True,1.0,1.0,0.0,4,OPTIMAL,True,4.0,4.0,0.0,3,OPTIMAL,True,3.0,3.0,0.0,5,OPTIMAL,True,5.0,5.0,0.0,4,OPTIMAL,True,4.0,4.0,0.0,2,2,2,3,0,0,1,0,0,4,4,4.0,14,44,44,5,19,5,19,1,1,1,3,0.0,1.0,0.0,1.0,4.0,4.0
10,3,6,4,toy,0.2,0.2,0.3,0,dense,all,0.060489,1,OPTIMAL,True,1.0,1.0,0.0,1,OPTIMAL,True,1.0,1.0,0.0,1,OPTIMAL,True,1.0,1.0,0.0,4,OPTIMAL,True,4.0,4.0,0.0,3,OPTIMAL,True,3.0,3.0,0.0,2,OPTIMAL,True,2.0,2.0,0.0,3,OPTIMAL,True,3.0,3.0,0.0,2,OPTIMAL,True,2.0,2.0,0.0,5,OPTIMAL,True,5.0,5.0,0.0,4,OPTIMAL,True,4.0,4.0,0.0,1,1,1,2,0,0,0,0,0,3,3,3.0,20,62,62,7,27,7,27,1,1,1,3,0.0,1.0,0.0,1.0,3.0,3.0
